location,time_of_report,infection_severity,government_loyalty,riot_status,termination_recommended
Großmürbisch,02:37:55,10,2,4,True
Tschanigraben,12:19:29,10,2,3,False
Krems an der Donau,05:46:49,10,3,4,False
Sankt Pölten,22:23:55,10,2,4,False
Alland,18:31:25,10,1,0,False
Altenmarkt an der Triesting,19:27:30,10,2,2,False
Furth an der Triesting,11:55:39,10,1,0,False
Klausen-Leopoldsdorf,03:04:22,10,1,2,True
Großhofen,10:17:31,10,2,4,True
Amaliendorf-Aalfang,06:25:37,10,2,1,False
Brand-Nagelberg,06:26:04,10,2,3,False
Eggern,20:34:47,10,3,5,False
Eisgarn,03:47:04,10,3,4,True
Haugschlag,05:50:16,10,1,1,False
Heidenreichstein,10:55:38,10,3,5,False
Hirschbach,04:02:43,10,2,1,False
Litschau,12:01:38,10,3,4,True
Reingers,05:34:00,10,2,3,False
Schrems,03:34:00,10,2,4,False
Alberndorf im Pulkautal,00:41:52,10,3,4,False
Göllersdorf,15:05:08,10,1,0,False
Grabern,19:05:58,10,3,3,True
Guntersdorf,17:30:08,10,2,2,False
Hadres,05:04:37,10,3,3,True
Hardegg,14:08:46,10,3,4,False
Haugsdorf,18:42:26,10,3,5,True
Heldenberg,10:54:23,10,2,1,False
Hohenwarth-Mühlbach a.M.,02:09:15,10,2,4,False
Hollabrunn,16:29:46,10,3,3,False
Mailberg,16:01:40,10,3,4,True
Maissau,06:14:12,10,2,1,False
Nappersdorf-Kammersdorf,07:07:12,10,1,0,False
Pernersdorf,09:06:57,10,2,3,True
Pulkau,08:55:50,10,3,4,True
Ravelsbach,04:38:40,10,3,5,False
Retz,15:28:04,10,2,4,True
Retzbach,05:11:42,10,3,4,True
Schrattenthal,11:56:03,10,2,1,False
Seefeld-Kadolz,20:59:16,10,3,3,False
Sitzendorf an der Schmida,19:36:35,10,2,2,False
Wullersdorf,21:59:04,10,2,3,False
Zellerndorf,14:23:03,10,2,4,True
Ziersdorf,14:12:31,10,2,4,True
Altenburg,03:13:01,10,3,5,False
Burgschleinitz-Kühnring,15:33:49,10,1,0,False
Drosendorf-Zissersdorf,17:08:45,10,1,2,True
Eggenburg,18:53:18,10,1,2,False
Gars am Kamp,09:04:06,10,1,2,False
Geras,19:20:46,10,2,2,True
Horn,11:10:29,10,3,3,False
Irnfritz-Messern,23:16:04,10,3,4,True
Japons,13:37:32,10,2,1,False
Langau,08:33:47,10,2,2,False
Meiseldorf,19:19:25,10,2,2,False
Pernegg,00:49:31,10,1,2,True
Röhrenbach,21:29:23,10,2,3,True
Röschitz,21:43:37,10,3,3,True
Rosenburg-Mold,12:53:46,10,1,2,False
Sankt Bernhard-Frauenhofen,02:23:05,10,1,2,False
Sigmundsherberg,03:43:21,10,1,1,False
Weitersfeld,22:54:44,10,3,3,False
Straning-Grafenberg,18:36:37,10,1,0,False
Schandorf,03:09:47,9,1,0,False
Weissenbach an der Triesting,04:09:07,9,3,3,True
Andlersdorf,06:08:09,9,1,0,False
Großdietmanns,03:12:52,9,2,3,False
Bad Großpertholz,04:18:57,9,2,4,True
Großschönau,13:27:01,9,3,3,True
Kirchberg am Walde,08:10:34,9,2,1,False
Sankt Martin,13:18:21,9,3,5,True
Unserfrau-Altweitra,01:41:13,9,3,5,True
Brunn an der Wild,06:54:24,9,3,5,True
Kleinmürbisch,02:22:39,8,1,0,False
Bildein,22:21:52,8,3,3,False
Parbasdorf,01:33:45,8,1,0,False
Gmünd,16:39:58,8,3,5,False
Waldenstein,14:52:06,8,2,3,False
Weitra,22:25:07,8,1,2,False
Loretto,17:26:52,7,1,1,False
Rauchwart im Burgenland,08:14:06,7,1,1,False
Moschendorf,08:42:21,7,1,1,False
Eltendorf,02:23:31,7,2,4,False
Mühlgraben,09:25:18,7,2,2,False
Baumgarten,20:35:52,7,3,3,False
Weingraben,06:18:59,7,3,3,False
Hannersdorf,15:10:15,7,1,2,False
Jabing,06:43:43,7,3,5,True
Badersdorf,10:33:09,7,1,2,False
Heiligenkreuz,04:27:10,7,3,3,False
Jedenspeigen,21:32:39,7,1,2,False
Matzen-Raggendorf,16:04:23,7,1,2,False
Palterndorf-Dobermannsdorf,14:24:33,7,1,0,False
Spannberg,09:20:21,7,3,3,False
Weiden an der March,11:11:09,7,1,2,False
Moorbad Harbach,21:01:54,7,3,4,False
Hoheneich,01:46:15,7,2,4,False
Rust,06:56:09,6,3,4,False
Donnerskirchen,12:19:02,6,2,1,False
Zagersdorf,08:06:02,6,3,3,False
Neustift bei Güssing,22:36:03,6,3,3,False
Olbendorf,11:03:33,6,2,3,False
Ollersdorf im Burgenland,05:51:08,6,3,4,False
Sankt Michael im Burgenland,17:57:37,6,1,2,False
Tobaj,16:26:52,6,3,5,False
Wörterberg,21:55:38,6,2,2,False
Rohr im Burgenland,09:44:01,6,2,3,False
Heiligenkreuz im Lafnitztal,15:23:59,6,3,3,False
Pöttelsdorf,10:35:02,6,2,3,False
Krensdorf,07:09:16,6,1,2,False
Apetlon,21:09:44,6,1,2,False
Halbturn,21:46:18,6,2,1,False
Sankt Andrä am Zicksee,09:42:42,6,2,1,False
Wallern im Burgenland,12:01:04,6,1,2,False
Lutzmannsburg,02:42:13,6,3,5,False
Mannersdorf an der Rabnitz,18:19:56,6,1,0,False
Pilgersdorf,05:46:05,6,2,3,False
Stoob,13:51:55,6,2,2,False
Lackendorf,18:25:36,6,3,5,False
Unterrabnitz-Schwendgraben,21:50:19,6,3,3,False
Oberloisdorf,03:31:55,6,1,1,False
Bernstein,01:27:34,6,1,1,False
Großpetersdorf,12:39:33,6,3,4,False
Kohfidisch,13:54:50,6,3,4,False
Loipersdorf-Kitzladen,21:11:03,6,3,4,False
Mischendorf,19:37:04,6,2,4,False
Oberdorf im Burgenland,01:45:03,6,1,0,False
Weiden bei Rechnitz,18:13:24,6,2,2,False
Sankt Georgen am Ybbsfelde,11:07:20,6,2,3,False
Pottenstein,21:34:14,6,2,1,False
Berg,13:05:53,6,3,3,False
Angern an der March,12:18:19,6,2,2,False
Bad Pirawarth,05:35:31,6,1,0,False
Ebenthal,20:40:18,6,3,5,False
Hohenruppersdorf,08:36:03,6,3,4,False
Markgrafneusiedl,15:36:40,6,2,4,False
Prottes,06:09:08,6,3,4,False
Ringelsdorf-Niederabsdorf,07:29:56,6,1,2,False
Eisenstadt,22:32:43,5,3,5,False
Großhöflein,14:16:51,5,1,0,False
Klingenbach,21:00:25,5,3,5,False
Leithaprodersdorf,04:49:09,5,3,5,False
Purbach am Neusiedler See,10:34:36,5,2,2,False
Schützen am Gebirge,11:27:09,5,3,5,False
Siegendorf,02:25:44,5,2,2,False
Wulkaprodersdorf,10:56:00,5,2,1,False
Stotzing,11:21:27,5,1,1,False
Zillingtal,14:27:00,5,2,4,False
Bocksdorf,18:23:02,5,2,3,False
Gerersdorf-Sulz,14:28:49,5,1,1,False
Neuberg im Burgenland,11:05:51,5,2,4,False
Stinatz,16:21:51,5,1,2,False
Hackerberg,15:39:57,5,3,4,False
Inzenhof,14:20:52,5,2,1,False
Heugraben,13:51:42,5,3,3,False
Neuhaus am Klausenbach,19:58:51,5,1,2,False
Sankt Martin an der Raab,14:50:44,5,2,2,False
Königsdorf,13:24:59,5,3,4,False
Draßburg,21:15:54,5,2,4,False
Forchtenstein,05:53:40,5,3,4,False
Loipersbach im Burgenland,13:02:05,5,3,3,False
Marz,11:08:39,5,3,3,False
Mattersburg,10:20:27,5,2,1,False
Neudörfl,01:17:56,5,1,1,False
Sigleß,14:44:30,5,3,5,False
Antau,23:13:05,5,1,2,False
Andau,07:45:36,5,1,0,False
Deutsch Jahrndorf,12:35:44,5,1,2,False
Gattendorf,10:18:42,5,3,4,False
Gols,01:45:17,5,2,2,False
Jois,16:27:50,5,2,3,False
Kittsee,07:42:48,5,3,3,False
Pamhagen,15:23:54,5,2,4,False
Tadten,03:52:39,5,1,0,False
Winden am See,17:16:24,5,2,1,False
Zurndorf,10:18:46,5,1,0,False
Neudorf bei Parndorf,00:05:14,5,1,2,False
Draßmarkt,22:29:13,5,1,2,False
Kaisersdorf,14:49:10,5,2,1,False
Lockenhaus,09:00:03,5,2,1,False
Nikitsch,20:50:43,5,1,0,False
Piringsdorf,07:23:41,5,2,1,False
Raiding,15:11:50,5,1,1,False
Weppersdorf,00:50:09,5,2,4,False
Mariasdorf,06:34:21,5,2,4,False
Pinkafeld,08:38:09,5,2,2,False
Rotenturm an der Pinka,21:10:49,5,1,2,False
Schachendorf,18:15:26,5,1,2,False
Unterwart,23:32:37,5,2,3,False
Ferschnitz,03:52:00,5,2,1,False
Günselsdorf,15:10:53,5,3,5,False
Hernstein,20:05:03,5,1,0,False
Tattendorf,11:57:37,5,3,5,False
Traiskirchen,00:40:51,5,2,4,False
Göttlesbrunn-Arbesthal,18:01:46,5,2,3,False
Hainburg an der Donau,03:25:26,5,2,2,False
Haslau-Maria Ellend,14:10:40,5,2,3,False
Hof am Leithaberge,04:01:35,5,1,0,False
Prellenkirchen,09:01:56,5,2,4,False
Scharndorf,13:51:02,5,3,4,False
Aderklaa,16:23:55,5,3,4,False
Drösing,16:05:37,5,2,3,False
Engelhartstetten,16:13:43,5,3,4,False
Glinzendorf,10:56:32,5,1,0,False
Hauskirchen,12:06:19,5,3,3,False
Hohenau an der March,18:56:05,5,2,1,False
Lassee,14:52:57,5,1,1,False
Neusiedl an der Zaya,17:56:02,5,3,5,False
Untersiebenbrunn,17:08:20,5,3,4,False
Velm-Götzendorf,20:18:35,5,1,2,False
Weikendorf,17:30:51,5,1,0,False
Zistersdorf,09:01:39,5,2,1,False
Breitenbrunn am Neusiedler See,23:35:12,4,2,3,False
Hornstein,10:57:54,4,1,2,False
Mörbisch am See,10:29:50,4,2,3,False
Steinbrunn,10:58:54,4,2,4,False
Wimpassing an der Leitha,19:27:12,4,2,4,False
Eberau,20:47:03,4,3,5,False
Güttenbach,11:00:08,4,3,5,False
Heiligenbrunn,07:28:47,4,1,2,False
Strem,06:38:10,4,2,2,False
Hirm,04:17:57,4,1,1,False
Pöttsching,06:25:26,4,2,1,False
Rohrbach bei Mattersburg,05:58:40,4,2,4,False
Sieggraben,00:39:07,4,1,1,False
Zemendorf-Stöttera,14:31:24,4,1,1,False
Frauenkirchen,08:21:00,4,1,1,False
Illmitz,09:13:17,4,3,5,False
Podersdorf am See,10:23:13,4,2,1,False
Potzneusiedl,19:10:10,4,3,4,False
Frankenau-Unterpullendorf,07:58:07,4,3,3,False
Großwarasdorf,04:32:28,4,2,4,False
Oberpullendorf,08:29:43,4,1,2,False
Bad Tatzmannsdorf,20:39:35,4,3,5,False
Deutsch Schützen-Eisenberg,01:09:37,4,3,4,False
Grafenschachen,04:44:31,4,3,3,False
Kemeten,22:18:57,4,3,3,False
Markt Neuhodis,19:10:38,4,3,3,False
Oberschützen,16:55:59,4,1,2,False
Oberwart,06:20:24,4,1,2,False
Unterkohlstätten,06:35:29,4,1,2,False
Wiesfleck,10:37:27,4,1,1,False
Wolfau,10:36:42,4,3,3,False
Neustift an der Lafnitz,14:46:51,4,3,4,False
Eberstein,13:39:10,4,2,3,False
Gnesau,11:33:04,4,1,2,False
Neustadtl an der Donau,06:16:32,4,3,4,False
Opponitz,07:19:39,4,1,2,False
Bad Vöslau,15:56:46,4,3,4,False
Pfaffstätten,07:30:27,4,2,3,False
Seibersdorf,05:25:54,4,3,4,False
Sooß,22:29:25,4,1,2,False
Teesdorf,00:03:49,4,1,2,False
Au am Leithaberge,16:23:40,4,3,5,False
Bad Deutsch-Altenburg,18:29:41,4,1,2,False
Mannersdorf am Leithagebirge,20:25:49,4,2,3,False
Wolfsthal,11:56:29,4,3,5,False
Auersthal,01:23:51,4,2,3,False
Dürnkrut,03:33:11,4,1,1,False
Haringsee,19:20:07,4,2,2,False
Mannsdorf an der Donau,02:58:43,4,3,3,False
Marchegg,08:41:35,4,2,1,False
Schönkirchen-Reyersdorf,19:00:26,4,3,3,False
Strasshof an der Nordbahn,21:05:59,4,2,3,False
Sulz im Weinviertel,13:12:42,4,1,1,False
Müllendorf,23:16:42,3,2,1,False
Neufeld an der Leitha,05:27:03,3,1,1,False
Oggau am Neusiedler See,18:34:42,3,1,0,False
Oslip,07:36:03,3,1,2,False
Sankt Margarethen im Burgenland,22:46:46,3,1,0,False
Trausdorf an der Wulka,00:48:53,3,1,1,False
Burgauberg-Neudauberg,02:37:44,3,1,1,False
Güssing,10:55:26,3,3,4,False
Kukmirn,21:55:12,3,3,3,False
Stegersbach,22:27:28,3,2,4,False
Deutsch Kaltenbrunn,23:27:45,3,2,4,False
Jennersdorf,03:50:44,3,2,3,False
Minihof-Liebau,10:19:11,3,3,5,False
Mogersdorf,23:22:32,3,3,4,False
Rudersdorf,05:46:26,3,1,0,False
Weichselbaum,01:07:16,3,2,2,False
Bruckneudorf,08:56:00,3,2,4,False
Mönchhof,08:54:12,3,3,5,False
Nickelsdorf,07:35:13,3,3,4,False
Pama,22:11:53,3,2,4,False
Edelstal,13:58:52,3,2,1,False
Deutschkreutz,04:06:54,3,1,1,False
Kobersdorf,18:26:07,3,2,2,False
Lackenbach,16:20:53,3,2,3,False
Markt Sankt Martin,10:34:57,3,2,1,False
Neckenmarkt,08:20:48,3,2,2,False
Neutal,08:15:07,3,3,3,False
Ritzing,01:39:18,3,3,4,False
Steinberg-Dörfl,02:42:29,3,3,5,False
Unterfrauenhaid,18:02:24,3,3,3,False
Litzelsdorf,17:32:11,3,2,3,False
Markt Allhau,10:42:00,3,1,1,False
Rechnitz,02:20:56,3,1,0,False
Riedlingsdorf,02:54:46,3,3,5,False
Stadtschlaining,00:46:03,3,3,4,False
Klagenfurt,08:35:19,3,3,3,False
Gitschtal,19:13:03,3,3,3,False
Ebenthal in Kärnten,02:55:21,3,3,5,False
Ferlach,09:16:08,3,3,5,False
Köttmannsdorf,14:47:04,3,3,5,False
Maria Rain,14:59:36,3,1,0,False
Maria Wörth,19:54:18,3,2,3,False
Moosburg,16:47:47,3,2,3,False
Poggersdorf,23:00:38,3,1,1,False
Schiefling am Wörthersee,13:31:32,3,2,3,False
Zell,06:47:27,3,2,2,False
Deutsch-Griffen,20:09:30,3,2,3,False
Guttaring,18:54:16,3,3,3,False
Klein Sankt Paul,15:12:16,3,1,1,False
Metnitz,16:58:01,3,2,1,False
Weitensfeld im Gurktal,00:41:15,3,1,2,False
Flattach,07:35:42,3,1,1,False
Mörtschach,23:24:39,3,3,3,False
Radenthein,17:21:59,3,1,1,False
Rangersdorf,15:05:02,3,1,1,False
Arriach,03:14:14,3,3,3,False
Sankt Jakob im Rosental,03:30:26,3,3,4,False
Gallizien,22:49:18,3,3,4,False
Globasnitz,09:10:31,3,2,1,False
Griffen,11:20:05,3,2,2,False
Neuhaus,11:40:03,3,1,2,False
Ruden,17:15:41,3,3,4,False
Sittersdorf,15:57:20,3,1,1,False
Völkermarkt,21:40:22,3,2,2,False
Lavamünd,02:01:42,3,3,4,False
Reichenfels,17:50:00,3,3,4,False
Sankt Georgen im Lavanttal,23:02:32,3,1,2,False
Wolfsberg,20:36:46,3,1,1,False
Glanegg,13:51:15,3,2,3,False
Himmelberg,09:36:36,3,1,2,False
Sankt Urban,02:15:40,3,1,2,False
Steindorf am Ossiacher See,06:08:19,3,1,1,False
Ernsthofen,09:18:18,3,3,3,False
Euratsfeld,02:02:39,3,2,4,False
Oed-Öhling,04:45:23,3,2,2,False
Sankt Georgen am Reith,07:06:34,3,1,2,False
Viehdorf,10:55:33,3,3,3,False
Wallsee-Sindelburg,09:39:44,3,2,3,False
Weistrach,23:27:25,3,3,3,False
Winklarn,06:37:53,3,3,5,False
Zeillern,01:24:49,3,2,1,False
Berndorf,04:18:12,3,2,3,False
Hirtenberg,02:36:11,3,1,2,False
Mitterndorf an der Fischa,01:46:47,3,3,5,False
Trumau,19:34:00,3,3,4,False
Enzersdorf an der Fischa,14:18:43,3,1,0,False
Hundsheim,14:39:30,3,1,1,False
Rohrau,14:20:27,3,2,1,False
Sommerein,23:21:20,3,2,2,False
Trautmannsdorf an der Leitha,10:14:25,3,3,3,False
Groß-Enzersdorf,19:35:55,3,2,4,False
Groß-Schweinbarth,09:50:17,3,2,4,False
Orth an der Donau,09:45:12,3,3,5,False
Bad Sauerbrunn,20:49:48,2,2,3,False
Schattendorf,05:44:52,2,1,2,False
Wiesen,05:56:10,2,1,1,False
Neusiedl am See,22:00:02,2,1,2,False
Parndorf,21:08:11,2,1,2,False
Weiden am See,23:06:00,2,2,4,False
Horitschon,13:42:42,2,1,1,False
Villach,22:07:13,2,2,2,False
Kirchbach,01:52:13,2,1,1,False
Sankt Stefan im Gailtal,05:58:57,2,2,4,False
Ludmannsdorf,08:36:37,2,2,4,False
Pörtschach am Wörther See,20:25:14,2,1,1,False
Althofen,18:34:32,2,3,4,False
Brückl,10:57:03,2,3,4,False
Hüttenberg,05:43:17,2,1,2,False
Sankt Georgen am Längsee,00:23:23,2,2,2,False
Sankt Veit an der Glan,08:15:21,2,3,4,False
Straßburg,21:28:40,2,3,3,False
Greifenburg,09:16:33,2,1,0,False
Heiligenblut,20:46:30,2,1,2,False
Irschen,18:50:21,2,1,2,False
Mallnitz,10:19:44,2,2,3,False
Malta,19:30:21,2,2,1,False
Millstatt,05:52:44,2,3,3,False
Obervellach,22:15:47,2,3,3,False
Rennweg am Katschberg,17:51:39,2,1,0,False
Stall,09:41:42,2,1,2,False
Lurnfeld,21:15:44,2,1,1,False
Afritz am See,09:39:28,2,1,0,False
Arnoldstein,13:09:47,2,2,4,False
Feld am See,15:35:33,2,2,3,False
Fresach,03:25:42,2,3,4,False
Hohenthurn,18:28:04,2,1,0,False
Treffen am Ossiacher See,14:49:54,2,1,1,False
Eberndorf,08:28:02,2,3,4,False
Sankt Kanzian am Klopeiner See,04:18:42,2,2,3,False
Bad Sankt Leonhard im Lavanttal,10:24:10,2,1,0,False
Frantschach-Sankt Gertraud,15:28:00,2,2,1,False
Sankt Andrä,20:38:02,2,1,1,False
Sankt Paul im Lavanttal,11:07:08,2,1,0,False
Albeck,04:49:57,2,2,1,False
Ossiach,08:27:56,2,2,4,False
Reichenau,18:52:38,2,3,4,False
Waidhofen an der Ybbs,19:38:45,2,1,0,False
Wiener Neustadt,11:41:04,2,1,0,False
Ardagger,07:39:29,2,1,2,False
Behamberg,18:29:12,2,1,1,False
Biberbach,17:13:17,2,3,5,False
Ennsdorf,22:29:32,2,3,3,False
Haidershofen,16:00:01,2,2,3,False
Neuhofen an der Ybbs,07:56:05,2,3,3,False
Seitenstetten,08:46:44,2,3,5,False
Sonntagberg,08:33:50,2,3,5,False
Strengberg,06:48:41,2,2,4,False
Ybbsitz,04:58:39,2,1,1,False
Baden,00:44:01,2,2,2,False
Ebreichsdorf,06:50:09,2,1,1,False
Enzesfeld-Lindabrunn,21:48:52,2,3,4,False
Kottingbrunn,16:49:15,2,2,2,False
Leobersdorf,12:49:23,2,2,1,False
Oberwaltersdorf,00:29:10,2,2,4,False
Pottendorf,23:41:35,2,3,4,False
Reisenberg,18:19:10,2,2,4,False
Schönau an der Triesting,13:16:08,2,1,0,False
Blumau-Neurißhof,10:15:40,2,3,5,False
Bruck an der Leitha,17:43:38,2,2,2,False
Götzendorf an der Leitha,06:48:25,2,2,3,False
Höflein,12:11:14,2,1,1,False
Petronell-Carnuntum,09:49:28,2,3,3,False
Deutsch-Wagram,21:49:26,2,3,4,False
Eckartsau,03:53:11,2,2,4,False
Gänserndorf,01:21:02,2,2,4,False
Leopoldsdorf im Marchfelde,09:28:27,2,1,2,False
Obersiebenbrunn,01:49:14,2,2,1,False
Raasdorf,17:43:44,2,3,3,False
Dellach,08:02:07,1,3,4,False
Hermagor-Pressegger See,00:36:06,1,2,4,False
Kötschach-Mauthen,09:21:19,1,2,1,False
Lesachtal,13:16:47,1,2,4,False
Krumpendorf am Wörther See,22:50:41,1,3,4,False
Maria Saal,06:14:36,1,1,0,False
Glödnitz,08:25:48,1,3,3,False
Liebenfels,19:36:58,1,1,2,False
Bad Kleinkirchheim,04:48:19,1,2,2,False
Baldramsdorf,18:58:42,1,1,1,False
Dellach im Drautal,02:35:21,1,3,5,False
Großkirchheim,05:22:02,1,1,1,False
Gmünd in Kärnten,18:42:35,1,2,2,False
Kleblach-Lind,08:49:32,1,1,0,False
Lendorf,09:08:20,1,3,5,False
Mühldorf,06:16:40,1,1,1,False
Oberdrauburg,00:26:47,1,3,3,False
Steinfeld,00:00:27,1,3,5,False
Trebesing,09:40:00,1,1,1,False
Winklern,09:00:14,1,2,1,False
Krems in Kärnten,01:50:27,1,1,0,False
Reißeck,08:38:31,1,2,4,False
Bad Bleiberg,15:27:48,1,1,2,False
Feistritz an der Gail,21:43:04,1,3,5,False
Finkenstein am Faaker See,21:16:53,1,2,4,False
Nötsch im Gailtal,16:48:55,1,3,3,False
Rosegg,20:22:12,1,2,1,False
Bleiburg,11:04:07,1,1,1,False
Eisenkappel-Vellach,02:53:18,1,3,4,False
Feistritz ob Bleiburg,08:34:33,1,1,1,False
Preitenegg,01:59:52,1,2,1,False
Allhartsberg,12:08:13,1,3,4,False
Amstetten,16:57:59,1,2,4,False
Haag,11:28:50,1,3,5,False
Kematen an der Ybbs,21:40:02,1,3,4,False
Sankt Peter in der Au,09:32:27,1,2,2,False
Wolfsbach,03:49:47,1,3,4,False
Feistritz im Rosental,23:38:17,0,1,1,False
Grafenstein,03:07:39,0,2,2,False
Keutschach am See,01:53:55,0,1,1,False
Sankt Margareten im Rosental,05:41:34,0,2,3,False
Techelsberg am Wörther See,12:58:09,0,1,0,False
Magdalensberg,12:36:29,0,1,1,False
Friesach,02:22:23,0,1,2,False
Gurk,23:33:07,0,1,1,False
Kappel am Krappfeld,16:41:39,0,3,3,False
Micheldorf,10:51:05,0,3,4,False
Mölbling,19:28:37,0,3,5,False
Frauenstein,13:33:04,0,2,3,False
Berg im Drautal,20:13:02,0,2,4,False
Sachsenburg,08:05:55,0,1,2,False
Seeboden,09:55:07,0,1,1,False
Spittal an der Drau,21:42:42,0,1,2,False
Weißensee,17:00:02,0,2,4,False
Ferndorf,10:24:29,0,1,0,False
Paternion,03:05:49,0,2,4,False
Stockenboi,02:33:11,0,1,0,False
Velden am Wörther See,21:42:21,0,3,4,False
Weißenstein,07:07:39,0,3,3,False
Wernberg,10:17:57,0,3,4,False
Diex,00:04:36,0,1,2,False
Feldkirchen in Kärnten,21:31:51,0,1,0,False
Steuerberg,04:58:39,0,1,2,False
Aschbach-Markt,00:26:20,0,3,3,False
Ertl,11:53:07,0,2,4,False
Hollenstein an der Ybbs,02:44:32,0,1,0,False
Sankt Pantaleon-Erla,23:34:52,0,1,1,False
Sankt Valentin,22:28:03,0,1,2,False
Bisamberg,20:39:55,3,2,3,False
Enzersfeld,18:35:01,4,3,5,False
Ernstbrunn,06:28:12,5,3,4,False
Großmugl,18:00:16,10,1,0,False
Großrußbach,05:18:14,2,3,4,False
Hagenbrunn,06:41:47,1,2,1,False
Harmannsdorf,22:05:11,1,3,3,False
Hausleiten,16:46:39,10,1,0,False
Korneuburg,23:14:13,1,1,0,False
Langenzersdorf,04:37:44,3,1,0,False
Leitzersdorf,03:12:30,10,1,2,False
Leobendorf,07:27:43,3,2,1,False
Rußbach,11:54:19,10,1,1,False
Sierndorf,22:52:23,10,2,4,True
Spillern,07:11:55,8,1,1,False
Stetteldorf am Wagram,18:01:42,10,2,1,False
Stetten,06:38:07,4,2,4,False
Stockerau,21:35:41,10,1,1,False
Niederhollabrunn,14:12:19,5,1,1,False
Aggsbach,17:14:47,10,2,1,False
Albrechtsberg an der Großen Krems,16:32:34,10,1,2,False
Bergern im Dunkelsteinerwald,11:05:55,9,1,2,False
Dürnstein,19:26:29,10,2,4,True
Grafenegg,02:32:24,9,3,5,False
Furth bei Göttweig,04:32:30,10,1,2,False
Gedersdorf,12:53:12,10,3,5,True
Gföhl,07:14:32,10,3,4,False
Hadersdorf-Kammern,15:52:40,9,1,0,False
Jaidhof,22:09:52,10,2,1,False
Krumau am Kamp,02:39:19,10,2,3,True
Langenlois,10:55:01,10,1,2,True
Lengenfeld,11:52:33,10,1,2,True
Lichtenau im Waldviertel,09:06:56,10,2,3,True
Maria Laach am Jauerling,05:16:05,10,1,2,False
Mautern an der Donau,22:16:35,10,3,3,False
Paudorf,17:32:30,10,3,4,False
Rastenfeld,14:16:14,10,3,4,False
Rohrendorf bei Krems,14:27:39,10,2,1,False
Rossatz-Arnsdorf,23:07:57,10,1,1,False
Sankt Leonhard am Hornerwald,09:59:47,10,3,3,False
Senftenberg,07:21:54,10,3,5,False
Spitz,20:56:21,10,3,4,False
Straß im Straßertale,22:23:58,9,2,1,False
Stratzing,15:06:48,9,2,3,True
Weinzierl am Walde,13:33:26,10,1,1,False
Weißenkirchen in der Wachau,22:57:47,10,2,2,True
Schönberg am Kamp,08:23:22,10,2,4,False
Droß,17:52:16,9,3,4,False
Annaberg,16:32:05,10,2,4,False
Eschenau,08:21:54,10,3,3,True
Hainfeld,02:06:46,10,3,4,True
Hohenberg,18:34:40,10,3,3,False
Kaumberg,04:43:47,10,1,1,False
Kleinzell,13:24:24,10,1,0,False
Lilienfeld,18:03:40,10,3,4,True
Mitterbach am Erlaufsee,23:52:58,7,2,3,False
Ramsau,00:53:02,10,2,3,False
Rohrbach an der Gölsen,06:46:01,10,2,3,True
Sankt Aegyd am Neuwalde,18:29:04,10,1,0,False
Sankt Veit an der Gölsen,00:54:00,10,2,1,False
Traisen,10:46:31,9,1,0,False
Türnitz,12:34:54,10,3,5,True
Artstetten-Pöbring,10:21:24,10,3,3,False
Bergland,15:31:44,10,3,4,True
Bischofstetten,02:13:42,10,3,5,False
Blindenmarkt,14:46:08,5,2,1,False
Dorfstetten,01:48:55,8,3,3,False
Dunkelsteinerwald,17:41:38,10,2,2,True
Erlauf,12:11:41,10,1,1,False
Golling an der Erlauf,20:12:05,9,3,3,False
Hofamt Priel,20:40:50,7,3,4,False
Hürm,05:08:26,9,3,3,True
Kilb,14:36:56,9,1,1,False
Kirnberg an der Mank,02:12:36,10,1,2,False
Klein-Pöchlarn,16:38:07,10,1,1,False
Krummnußbaum,19:13:31,6,3,4,False
Leiben,10:41:06,10,3,4,False
Loosdorf,22:48:42,10,1,0,False
Mank,12:57:29,10,1,2,False
Marbach an der Donau,07:22:12,9,3,5,False
Maria Taferl,11:17:44,10,1,2,False
Melk,09:42:14,9,3,4,True
Münichreith-Laimbach,03:44:51,10,1,2,True
Neumarkt an der Ybbs,17:18:16,4,2,3,False
Nöchling,14:05:13,5,2,3,False
Persenbeug-Gottsdorf,14:20:46,6,2,2,False
Petzenkirchen,04:35:22,5,2,3,False
Pöchlarn,01:29:18,10,2,4,False
Pöggstall,18:44:25,10,3,4,False
Raxendorf,09:54:57,10,3,5,False
Ruprechtshofen,13:12:16,10,2,1,False
Sankt Leonhard am Forst,10:30:18,10,2,1,False
Sankt Martin-Karlsbach,18:22:20,6,3,3,False
Sankt Oswald,12:58:30,9,3,5,False
Schönbühel-Aggsbach,09:40:03,10,2,3,True
Schollach,13:51:24,10,1,1,False
Weiten,12:37:34,10,1,1,False
Ybbs an der Donau,11:33:08,5,2,2,False
Zelking-Matzleinsdorf,14:34:32,10,3,3,True
Texingtal,00:19:43,9,1,2,False
Yspertal,22:04:07,9,2,1,False
Emmersdorf an der Donau,14:47:50,10,2,1,False
Altlichtenwarth,15:58:41,6,1,2,False
Asparn an der Zaya,05:02:01,9,3,4,True
Bernhardsthal,00:11:14,4,1,0,False
Bockfließ,23:32:17,4,3,4,False
Drasenhofen,21:21:00,10,1,0,False
Falkenstein,20:12:51,10,1,1,False
Fallbach,18:10:05,9,1,1,False
Gaubitsch,14:44:02,10,3,4,False
Gaweinstal,16:51:29,5,2,4,False
Gnadendorf,16:01:16,8,3,3,False
Großebersdorf,00:56:00,3,1,2,False
Groß-Engersdorf,11:53:57,6,3,5,False
Großharras,09:27:24,10,3,4,False
Großkrut,23:09:15,6,1,1,False
Hausbrunn,10:25:01,6,1,2,False
Herrnbaumgarten,21:17:19,8,1,0,False
Hochleithen,20:22:04,5,3,4,False
Kreuttal,19:18:28,3,1,0,False
Kreuzstetten,20:11:03,5,1,0,False
Laa an der Thaya,22:49:08,10,3,5,True
Ladendorf,10:33:05,6,2,3,False
Mistelbach,20:19:34,6,3,5,False
Neudorf bei Staatz,02:39:58,10,3,5,False
Niederleis,09:13:34,8,3,5,False
Pillichsdorf,05:27:37,2,3,4,False
Poysdorf,23:48:26,6,2,3,False
Rabensburg,13:27:20,7,2,1,False
Schrattenberg,16:59:28,10,2,1,False
Staatz,10:03:33,6,1,1,False
Stronsdorf,05:58:41,10,1,0,False
Ulrichskirchen-Schleinbach,12:58:39,6,1,1,False
Unterstinkenbrunn,05:31:12,10,3,4,True
Wildendürnbach,13:04:09,9,2,3,True
Wilfersdorf,18:45:16,5,1,2,False
Wolkersdorf im Weinviertel,09:52:51,2,2,4,False
Ottenthal,02:23:48,7,2,3,False
Achau,13:07:45,2,3,5,False
Biedermannsdorf,01:47:03,3,2,2,False
Breitenfurt bei Wien,13:37:51,7,1,0,False
Brunn am Gebirge,13:30:13,4,1,1,False
Gaaden,04:49:37,3,3,5,False
Gießhübl,05:59:05,3,3,3,False
Gumpoldskirchen,05:16:46,2,2,4,False
Guntramsdorf,10:54:10,2,2,3,False
Hennersdorf,14:41:15,3,2,2,False
Hinterbrühl,11:57:13,3,1,1,False
Kaltenleutgeben,13:47:47,4,1,2,False
Laab im Walde,14:56:01,10,3,5,True
Laxenburg,10:52:01,2,3,3,False
Maria Enzersdorf,16:15:11,3,3,3,False
Mödling,17:41:49,4,1,1,False
Münchendorf,04:22:16,4,1,1,False
Perchtoldsdorf,01:06:32,1,2,2,False
Vösendorf,13:55:45,3,1,1,False
Wiener Neudorf,03:04:30,2,1,1,False
Wienerwald,14:19:21,7,1,2,False
Altendorf,17:45:50,8,1,2,False
Aspang-Markt,04:57:06,5,2,1,False
Aspangberg-Sankt Peter,22:21:39,3,3,3,False
Breitenau,11:51:05,6,3,3,False
Breitenstein,06:36:54,8,1,0,False
Buchbach,03:11:41,5,1,2,False
Edlitz,10:04:43,6,2,2,False
Enzenreith,16:49:33,3,1,1,False
Feistritz am Wechsel,17:48:05,5,2,4,False
Gloggnitz,05:19:43,3,1,0,False
Grafenbach-Sankt Valentin,15:27:54,5,1,0,False
Grimmenstein,20:42:53,6,3,3,False
Grünbach am Schneeberg,23:03:28,6,1,0,False
Kirchberg am Wechsel,17:32:22,3,2,3,False
Mönichkirchen,21:06:14,8,1,1,False
Natschbach-Loipersbach,05:16:58,6,3,3,False
Neunkirchen,16:23:19,4,3,4,False
Otterthal,21:41:01,5,2,2,False
Payerbach,21:36:10,6,1,2,False
Pitten,10:12:45,2,1,1,False
Prigglitz,11:39:27,6,1,1,False
Puchberg am Schneeberg,20:00:01,5,2,2,False
Raach am Hochgebirge,21:13:04,7,1,0,False
Reichenau an der Rax,20:59:36,4,2,1,False
Sankt Corona am Wechsel,22:08:39,8,1,0,False
Sankt Egyden am Steinfeld,22:27:58,5,1,2,False
Scheiblingkirchen-Thernberg,14:59:59,4,1,0,False
Schottwien,03:52:01,6,2,3,False
Schrattenbach,02:59:39,8,1,0,False
Schwarzau am Steinfeld,16:01:01,4,3,5,False
Schwarzau im Gebirge,19:24:34,8,2,4,False
Seebenstein,12:31:58,5,2,4,False
Semmering,02:12:30,6,1,2,False
Ternitz,14:15:57,5,3,3,False
Thomasberg,13:17:42,6,3,5,False
Trattenbach,11:48:34,6,1,2,False
Bürg-Vöstenhof,22:50:18,9,2,2,False
Warth,14:05:05,6,2,1,False
Wartmannstetten,05:58:31,6,3,3,False
Willendorf,12:17:24,5,1,2,False
Wimpassing im Schwarzatale,01:26:31,4,1,2,False
Würflach,05:25:43,3,1,0,False
Zöbern,00:17:48,6,2,4,False
Höflein an der Hohen Wand,17:49:26,4,3,5,False
Altlengbach,06:57:04,10,3,3,True
Asperhofen,02:23:30,10,2,2,True
Böheimkirchen,16:02:47,10,1,1,False
Brand-Laaben,13:26:23,10,1,1,False
Eichgraben,20:55:49,10,1,2,False
Frankenfels,01:23:03,10,3,5,False
Gerersdorf,16:11:20,10,2,2,False
Hofstetten-Grünau,22:47:36,10,1,0,False
Hafnerbach,07:24:53,10,3,5,False
Haunoldstein,10:51:17,10,1,1,False
Herzogenburg,01:06:02,10,2,3,False
Inzersdorf-Getzersdorf,05:56:52,10,1,0,False
Kapelln,05:36:13,10,3,5,False
Karlstetten,20:03:13,9,1,1,False
Kasten bei Böheimkirchen,10:48:25,10,1,0,False
Kirchberg an der Pielach,16:39:42,10,1,2,False
Kirchstetten,00:28:03,10,1,0,False
Loich,04:20:42,10,1,1,False
Maria-Anzbach,19:11:39,10,1,1,False
Markersdorf-Haindorf,17:52:34,10,1,2,True
Michelbach,05:23:18,10,1,2,True
Neidling,11:37:14,10,1,0,False
Neulengbach,13:19:08,10,3,3,True
Neustift-Innermanzing,04:59:02,10,3,4,True
Nußdorf ob der Traisen,04:21:39,9,1,1,False
Ober-Grafendorf,10:43:37,10,1,2,False
Obritzberg-Rust,13:22:33,10,2,1,False
Prinzersdorf,17:43:52,10,1,1,False
Pyhra,18:47:05,10,1,2,True
Rabenstein an der Pielach,05:03:11,10,1,1,False
Sankt Margarethen an der Sierning,01:51:58,9,2,4,False
Schwarzenbach an der Pielach,22:52:36,10,2,3,False
Statzendorf,12:57:52,9,3,4,True
Stössing,08:51:51,10,2,3,True
Traismauer,01:12:32,10,1,0,False
Weinburg,22:36:15,10,2,2,False
Weißenkirchen an der Perschling,11:57:38,10,2,3,False
Wilhelmsburg,16:13:42,10,3,3,True
Wölbling,03:16:41,10,3,5,False
Gaming,04:47:38,6,1,2,False
Göstling an der Ybbs,07:17:37,3,1,1,False
Gresten,09:28:08,5,1,0,False
Gresten-Land,05:46:36,4,3,4,False
Lunz am See,13:31:05,4,2,2,False
Oberndorf an der Melk,22:53:20,10,1,0,False
Puchenstuben,20:39:18,10,3,5,False
Purgstall an der Erlauf,07:17:49,8,1,1,False
Randegg,19:36:28,6,2,3,False
Reinsberg,03:29:46,6,3,3,False
Sankt Anton an der Jeßnitz,20:05:43,8,2,2,False
Sankt Georgen an der Leys,01:40:06,10,2,1,False
Scheibbs,09:57:54,5,2,2,False
Steinakirchen am Forst,17:14:05,5,3,3,False
Wang,14:45:19,7,3,3,False
Wieselburg,10:46:57,3,3,5,False
Wieselburg-Land,12:40:40,6,3,4,False
Wolfpassing,07:13:16,7,2,1,False
Absdorf,10:49:12,10,2,3,False
Atzenbrugg,09:36:19,10,3,5,True
Fels am Wagram,14:10:52,10,1,1,False
Grafenwörth,16:14:54,10,1,0,False
Großriedenthal,23:00:58,10,1,2,False
Großweikersdorf,13:52:11,10,3,4,True
Judenau-Baumgarten,02:17:35,10,3,4,True
Kirchberg am Wagram,06:34:30,10,1,2,True
Königsbrunn am Wagram,23:46:34,10,3,3,True
Königstetten,18:15:43,10,2,1,False
Langenrohr,08:38:57,10,2,4,True
Michelhausen,17:51:37,10,3,3,False
Sieghartskirchen,09:14:39,10,3,3,False
Sitzenberg-Reidling,15:30:26,10,2,3,True
Tulbing,23:32:30,10,2,4,True
Tulln an der Donau,09:00:18,10,2,4,False
Würmla,08:40:40,10,3,5,True
Zeiselmauer-Wolfpassing,16:15:57,10,3,4,True
Zwentendorf an der Donau,18:51:02,10,1,0,False
Sankt Andrä-Wördern,12:37:33,2,2,2,False
Muckendorf-Wipfing,09:01:58,10,2,2,True
Dietmanns,03:43:10,9,2,4,True
Dobersberg,05:34:24,10,1,0,False
Gastern,07:42:39,10,2,3,True
Groß-Siegharts,00:43:59,10,1,1,False
Karlstein an der Thaya,20:55:18,10,3,4,False
Kautzen,18:29:41,10,1,0,False
Ludweis-Aigen,04:59:11,10,2,4,True
Pfaffenschlag bei Waidhofen an der Thaya,14:38:10,10,2,4,False
Raabs an der Thaya,08:00:42,10,1,2,True
Thaya,06:31:52,10,1,1,False
Vitis,06:17:50,10,2,2,True
Waidhofen an der Thaya,13:15:41,10,2,3,True
Waidhofen an der Thaya-Land,02:49:43,9,2,1,False
Waldkirchen an der Thaya,15:40:17,10,2,4,True
Windigsteig,13:21:03,10,1,0,False
Bad Fischau-Brunn,07:06:10,5,3,4,False
Bad Schönau,03:03:16,7,3,5,True
Ebenfurth,08:08:40,2,1,2,False
Eggendorf,05:15:50,4,2,2,False
Erlach,20:07:15,2,3,5,False
Felixdorf,09:55:43,2,3,5,False
Gutenstein,09:03:02,10,1,0,False
Hochneukirchen-Gschaidt,09:09:03,6,3,4,False
Hochwolkersdorf,03:45:41,4,2,2,False
Hohe Wand,16:49:19,6,1,1,False
Hollenthon,19:12:07,6,1,1,False
Katzelsdorf,17:05:48,4,2,2,False
Kirchschlag in der Buckligen Welt,16:31:56,4,3,5,False
Krumbach,17:31:10,6,2,3,False
Lanzenkirchen,02:52:43,5,1,0,False
Lichtenegg,08:13:55,5,1,0,False
Lichtenwörth,14:58:44,5,2,1,False
Markt Piesting,13:19:43,2,3,3,False
Matzendorf-Hölles,10:36:13,3,2,4,False
Miesenbach,01:13:41,5,2,1,False
Muggendorf,06:09:16,10,3,3,True
Pernitz,02:27:16,5,3,4,False
Rohr im Gebirge,23:42:20,10,2,4,True
Bromberg,11:55:20,3,3,3,False
Schwarzenbach,17:24:08,6,3,5,False
Sollenau,03:10:28,3,1,1,False
Theresienfeld,05:26:11,6,2,2,False
Waidmannsfeld,04:33:31,5,2,2,False
Waldegg,04:31:35,3,2,4,False
Walpersbach,11:59:15,4,3,5,False
Weikersdorf am Steinfelde,03:34:04,5,3,5,False
Wiesmath,08:45:51,3,2,1,False
Winzendorf-Muthmannsdorf,07:45:03,5,1,0,False
Wöllersdorf-Steinabrückl,15:51:17,2,1,0,False
Zillingdorf,03:21:48,2,1,0,False
Ebergassing,08:26:22,4,2,2,False
Fischamend,13:38:40,4,3,5,False
Gablitz,11:16:16,10,3,5,True
Gerasdorf bei Wien,04:24:27,0,2,4,False
Gramatneusiedl,06:14:39,4,1,1,False
Himberg,18:39:21,1,1,1,False
Klein-Neusiedl,11:42:58,3,1,2,False
Klosterneuburg,07:03:50,0,2,3,False
Lanzendorf,22:41:21,2,3,4,False
Leopoldsdorf,10:47:11,2,3,4,False
Maria-Lanzendorf,15:56:09,2,1,2,False
Mauerbach,20:00:27,10,1,0,False
Moosbrunn,10:35:41,5,3,5,False
Pressbaum,11:54:15,10,2,3,False
Purkersdorf,13:37:04,7,3,5,True
Rauchenwarth,21:19:23,1,2,2,False
Schwadorf,23:30:13,2,2,3,False
Schwechat,22:23:43,3,1,1,False
Tullnerbach,21:26:51,10,3,5,False
Wolfsgraben,00:40:28,10,3,3,True
Zwölfaxing,07:10:50,1,1,2,False
Allentsteig,23:17:07,10,1,1,False
Arbesbach,03:55:19,8,2,2,False
Bärnkopf,15:50:30,10,3,3,True
Echsenbach,06:53:23,10,3,3,True
Göpfritz an der Wild,18:30:43,10,2,1,False
Grafenschlag,00:43:16,10,2,1,False
Groß-Gerungs,17:02:12,6,3,4,False
Großgöttfritz,02:50:27,9,2,2,False
Gutenbrunn,10:31:06,10,1,1,False
Kirchschlag,05:55:00,10,1,1,False
Kottes-Purk,01:34:02,9,3,3,True
Langschlag,13:06:32,9,2,2,False
Martinsberg,03:36:21,8,2,2,False
Ottenschlag,04:46:40,10,2,2,True
Altmelon,19:22:25,10,3,4,False
Pölla,09:09:40,10,3,5,False
Rappottenstein,01:14:55,10,2,4,True
Sallingberg,18:02:30,10,3,4,False
Schönbach,04:02:24,10,1,1,False
Schwarzenau,11:15:03,10,3,5,True
Schweiggers,07:16:59,9,1,2,False
Bad Traunstein,17:23:41,10,2,2,True
Waldhausen,05:06:45,10,1,2,False
Zwettl-Niederösterreich,14:40:01,10,3,4,True
Linz,01:45:49,1,3,3,False
Steyr,22:36:47,2,2,2,False
Wels,22:34:33,3,3,3,False
Altheim,08:28:35,2,3,3,False
Aspach,10:04:46,3,2,2,False
Auerbach,01:05:35,1,3,3,False
Braunau am Inn,21:25:39,1,1,2,False
Burgkirchen,23:46:00,2,3,3,False
Eggelsberg,14:46:05,2,2,3,False
Feldkirchen bei Mattighofen,14:50:15,2,2,3,False
Franking,05:01:20,2,3,4,False
Geretsberg,17:41:40,4,1,1,False
Gilgenberg am Weilhart,06:52:55,0,3,5,False
Haigermoos,07:23:50,1,3,4,False
Handenberg,06:14:55,3,3,5,False
Helpfau-Uttendorf,13:39:14,2,2,3,False
Hochburg-Ach,05:33:48,3,2,2,False
Höhnhart,11:17:16,1,2,1,False
Jeging,09:28:23,5,3,5,False
Kirchberg bei Mattighofen,07:09:08,0,1,2,False
Lengau,05:32:04,3,2,3,False
Lochen,03:55:44,1,2,2,False
Maria Schmolln,12:20:30,4,3,5,False
Mattighofen,22:40:25,1,2,4,False
Mauerkirchen,22:10:20,1,2,1,False
Mining,07:05:40,4,3,5,False
Moosbach,12:01:26,4,2,3,False
Moosdorf,15:19:59,0,2,1,False
Munderfing,04:36:09,1,1,0,False
Neukirchen an der Enknach,07:17:35,3,2,2,False
Ostermiething,08:08:23,0,1,0,False
Palting,17:33:09,2,1,0,False
Perwang am Grabensee,12:28:26,1,3,3,False
Pfaffstätt,20:08:31,2,1,1,False
Pischelsdorf am Engelbach,02:09:16,2,3,4,False
Polling im Innkreis,16:28:53,4,1,2,False
Roßbach,16:19:10,3,3,5,False
Sankt Georgen am Fillmannsbach,23:03:20,5,3,4,False
Sankt Johann am Walde,22:08:15,2,2,2,False
Sankt Pantaleon,05:16:54,0,1,2,False
Sankt Peter am Hart,08:25:19,1,3,3,False
Sankt Radegund,20:14:25,1,1,0,False
Sankt Veit im Innkreis,15:01:34,3,2,1,False
Schalchen,05:15:14,3,3,4,False
Schwand im Innkreis,23:50:45,3,3,5,False
Tarsdorf,23:55:04,2,1,1,False
Treubach,15:00:00,3,3,3,False
Überackern,22:50:54,3,3,5,False
Weng im Innkreis,07:50:33,4,3,4,False
Alkoven,15:17:08,0,1,0,False
Aschach an der Donau,07:12:37,1,3,3,False
Eferding,08:54:36,2,3,4,False
Fraham,04:36:06,1,2,2,False
Haibach ob der Donau,16:08:34,2,2,4,False
Hartkirchen,19:21:08,0,3,5,False
Hinzenbach,16:16:07,2,1,2,False
Prambachkirchen,02:04:25,0,2,3,False
Pupping,08:43:37,1,3,4,False
Sankt Marienkirchen an der Polsenz,08:04:10,3,1,1,False
Scharten,07:21:55,1,1,1,False
Stroheim,04:40:53,4,3,5,False
Freistadt,19:34:37,2,3,4,False
Grünbach,13:55:24,3,3,5,False
Gutau,14:30:25,3,2,3,False
Hagenberg im Mühlkreis,00:20:28,2,3,3,False
Hirschbach im Mühlkreis,20:09:55,1,2,4,False
Kaltenberg,10:20:08,3,1,0,False
Kefermarkt,01:31:49,3,2,2,False
Königswiesen,12:47:23,6,1,1,False
Lasberg,12:37:50,1,3,3,False
Leopoldschlag,11:58:59,2,1,0,False
Liebenau,03:08:15,8,2,1,False
Neumarkt im Mühlkreis,22:51:55,0,1,0,False
Pierbach,00:10:37,2,1,0,False
Pregarten,12:59:48,0,1,2,False
Rainbach im Mühlkreis,13:31:37,3,2,2,False
Sandl,18:49:27,0,2,3,False
Sankt Leonhard bei Freistadt,15:14:51,0,3,4,False
Sankt Oswald bei Freistadt,16:19:17,0,3,3,False
Schönau im Mühlkreis,11:44:54,3,2,3,False
Tragwein,07:42:53,0,3,4,False
Unterweißenbach,14:19:31,1,1,1,False
Unterweitersdorf,07:00:46,2,1,2,False
Waldburg,08:33:57,1,3,3,False
Wartberg ob der Aist,15:41:46,1,3,4,False
Windhaag bei Freistadt,12:04:01,1,3,4,False
Bad Zell,11:41:19,1,3,3,False
Altmünster,05:15:53,2,1,0,False
Bad Goisern,05:05:09,0,3,5,False
Bad Ischl,21:24:18,3,1,0,False
Ebensee,21:42:55,3,2,1,False
Gmunden,09:23:55,0,1,0,False
Gosau,20:57:36,3,1,0,False
Grünau im Almtal,18:33:00,0,2,3,False
Gschwandt,10:45:07,1,1,0,False
Hallstatt,06:01:12,2,1,2,False
Kirchham,12:02:53,0,3,4,False
Laakirchen,15:04:25,2,2,3,False
Obertraun,22:28:47,3,2,3,False
Ohlsdorf,03:24:53,1,3,5,False
Pinsdorf,19:52:07,2,3,4,False
Roitham,10:29:27,2,1,2,False
Sankt Konrad,15:16:56,1,3,5,False
Sankt Wolfgang im Salzkammergut,20:53:35,0,3,5,False
Traunkirchen,03:15:59,1,1,2,False
Scharnstein,00:08:24,1,3,4,False
Vorchdorf,16:51:09,1,2,4,False
Aistersheim,14:17:10,1,2,4,False
Bad Schallerbach,17:21:01,3,1,2,False
Bruck-Waasen,01:55:25,0,1,2,False
Eschenau im Hausruckkreis,17:09:31,3,2,3,False
Gallspach,23:06:51,4,3,3,False
Gaspoltshofen,22:15:56,2,2,3,False
Geboltskirchen,13:41:59,1,2,3,False
Grieskirchen,05:33:22,1,2,2,False
Haag am Hausruck,03:37:19,3,3,4,False
Heiligenberg,16:16:47,4,2,1,False
Hofkirchen an der Trattnach,16:00:36,3,2,4,False
Kallham,14:24:28,0,3,5,False
Kematen am Innbach,07:13:34,0,2,2,False
Meggenhofen,01:29:23,2,3,5,False
Michaelnbach,03:32:11,3,3,4,False
Natternbach,05:00:46,3,3,4,False
Neukirchen am Walde,11:51:25,0,1,1,False
Neumarkt im Hausruckkreis,07:58:34,4,3,4,False
Peuerbach,22:39:20,1,2,2,False
Pötting,15:24:30,3,3,3,False
Pollham,07:26:00,3,1,2,False
Pram,20:40:17,1,3,3,False
Rottenbach,22:08:00,3,2,3,False
Sankt Agatha,20:38:40,3,3,4,False
Sankt Georgen bei Grieskirchen,20:27:32,3,2,1,False
Sankt Thomas,11:52:26,4,3,3,False
Schlüßlberg,23:16:20,2,2,1,False
Steegen,21:02:22,2,3,3,False
Taufkirchen an der Trattnach,08:45:50,0,1,2,False
Tollet,14:42:37,0,2,1,False
Waizenkirchen,16:44:38,2,3,4,False
Wallern an der Trattnach,19:26:14,2,3,4,False
Weibern,03:56:46,4,1,1,False
Wendling,14:37:18,3,1,2,False
Edlbach,12:31:00,1,3,4,False
Grünburg,20:01:05,2,1,2,False
Hinterstoder,18:34:40,1,1,2,False
Inzersdorf im Kremstal,18:30:34,1,3,4,False
Kirchdorf an der Krems,03:43:11,2,2,3,False
Klaus an der Pyhrnbahn,04:01:02,3,1,0,False
Kremsmünster,03:12:52,3,3,3,False
Micheldorf in Oberösterreich,08:59:38,3,1,0,False
Molln,02:21:44,0,2,2,False
Nußbach,15:11:12,2,1,0,False
Oberschlierbach,12:21:47,5,2,4,False
Pettenbach,15:35:57,3,2,1,False
Ried im Traunkreis,14:14:02,3,1,0,False
Rosenau am Hengstpaß,21:53:17,3,3,3,False
Roßleithen,11:57:44,2,3,3,False
Sankt Pankraz,17:58:47,3,3,4,False
Schlierbach,01:41:54,0,1,0,False
Spital am Pyhrn,09:53:12,0,3,3,False
Steinbach am Ziehberg,15:52:54,1,3,5,False
Steinbach an der Steyr,18:39:57,1,2,4,False
Vorderstoder,02:37:32,3,3,3,False
Wartberg an der Krems,07:15:45,0,3,4,False
Windischgarsten,16:43:59,3,2,3,False
Allhaming,21:00:18,4,3,4,False
Ansfelden,12:26:15,3,2,4,False
Asten,16:11:47,3,2,2,False
Eggendorf im Traunkreis,02:29:46,0,2,3,False
Enns,03:52:54,1,1,1,False
Hargelsberg,01:58:52,1,3,3,False
Hörsching,11:11:19,0,3,3,False
Hofkirchen im Traunkreis,23:33:40,0,3,3,False
Kematen an der Krems,16:12:21,0,1,0,False
Kirchberg-Thening,16:21:02,3,3,5,False
Kronstorf,08:32:35,2,2,1,False
Leonding,03:28:50,0,1,0,False
Sankt Florian,23:58:12,3,1,1,False
Neuhofen an der Krems,10:18:29,1,2,1,False
Niederneukirchen,03:47:58,3,1,0,False
Oftering,13:05:21,1,1,1,False
Pasching,19:50:59,0,3,5,False
Piberbach,02:37:48,3,3,3,False
Pucking,01:17:07,1,2,1,False
Sankt Marien,08:40:56,0,2,2,False
Traun,18:32:13,2,1,2,False
Wilhering,06:08:29,2,3,4,False
Allerheiligen im Mühlkreis,11:32:39,3,3,4,False
Arbing,14:08:58,3,2,4,False
Baumgartenberg,17:21:06,2,1,1,False
Dimbach,08:37:29,4,2,1,False
Grein,15:03:14,1,2,4,False
Katsdorf,20:12:45,1,3,5,False
Klam,10:42:18,3,3,5,False
Bad Kreuzen,10:30:23,4,2,2,False
Langenstein,07:45:30,3,1,1,False
Luftenberg an der Donau,04:38:01,3,1,2,False
Mauthausen,12:49:49,3,3,3,False
Mitterkirchen im Machland,17:43:18,3,3,4,False
Münzbach,21:57:33,3,3,4,False
Naarn im Machlande,11:26:44,0,1,1,False
Pabneukirchen,03:21:03,1,2,2,False
Perg,02:57:39,3,1,0,False
Rechberg,18:27:44,1,2,2,False
Ried in der Riedmark,20:14:57,0,3,4,False
Sankt Georgen am Walde,18:22:10,4,1,0,False
Sankt Georgen an der Gusen,15:30:05,0,1,0,False
Sankt Nikola an der Donau,19:13:43,5,3,3,False
Sankt Thomas am Blasenstein,01:22:45,3,3,5,False
Saxen,06:07:20,3,2,4,False
Schwertberg,11:45:52,3,2,3,False
Waldhausen im Strudengau,21:33:33,5,3,5,False
Windhaag bei Perg,07:36:23,2,3,3,False
Andrichsfurt,14:05:04,3,1,1,False
Antiesenhofen,01:28:32,3,2,2,False
Aurolzmünster,06:49:19,1,2,3,False
Eberschwang,09:12:43,0,3,5,False
Eitzing,00:52:43,1,3,4,False
Geiersberg,04:01:21,4,3,4,False
Geinberg,16:35:24,0,3,4,False
Gurten,00:50:29,3,3,3,False
Hohenzell,14:11:15,1,2,3,False
Kirchdorf am Inn,21:42:47,2,3,4,False
Kirchheim im Innkreis,11:46:52,2,1,0,False
Lambrechten,20:35:13,3,1,1,False
Lohnsburg am Kobernaußerwald,23:12:27,3,3,5,False
Mehrnbach,20:05:50,3,3,3,False
Mettmach,09:12:57,2,3,5,False
Mörschwang,08:18:22,2,2,4,False
Mühlheim am Inn,01:32:07,2,2,1,False
Neuhofen im Innkreis,03:46:00,2,1,1,False
Obernberg am Inn,14:48:02,2,2,1,False
Ort im Innkreis,09:55:26,4,3,4,False
Pattigham,00:12:09,2,1,2,False
Peterskirchen,11:27:14,3,1,0,False
Pramet,06:00:58,1,2,1,False
Reichersberg,09:25:51,4,3,5,False
Ried im Innkreis,15:27:58,3,1,1,False
Sankt Georgen bei Obernberg am Inn,16:54:32,3,3,4,False
Sankt Marienkirchen am Hausruck,13:24:07,0,2,2,False
Sankt Martin im Innkreis,21:30:52,0,1,2,False
Schildorn,23:38:59,2,2,2,False
Senftenbach,07:23:49,2,3,3,False
Taiskirchen im Innkreis,16:26:13,3,3,4,False
Tumeltsham,22:28:23,2,3,4,False
Utzenaich,08:21:14,3,2,2,False
Waldzell,22:01:22,3,3,4,False
Weilbach,07:13:57,2,3,5,False
Wippenham,01:57:51,1,1,1,False
Afiesl,17:09:01,3,3,4,False
Ahorn,07:38:21,4,2,1,False
Aigen im Mühlkreis,22:24:43,0,3,5,False
Altenfelden,04:09:45,1,3,4,False
Arnreit,11:32:23,1,3,4,False
Atzesberg,09:53:47,1,2,2,False
Auberg,19:01:49,0,2,3,False
Berg bei Rohrbach,16:16:51,3,1,0,False
Haslach an der Mühl,00:08:13,3,3,4,False
Helfenberg,01:33:42,2,2,3,False
Hörbich,21:36:44,3,2,2,False
Hofkirchen im Mühlkreis,14:40:10,1,2,3,False
Julbach,16:24:35,0,3,5,False
Kirchberg ob der Donau,02:03:01,0,1,0,False
Klaffer am Hochficht,02:43:44,1,1,1,False
Kleinzell im Mühlkreis,21:42:18,2,1,1,False
Kollerschlag,13:51:34,2,3,5,False
Lembach im Mühlkreis,19:06:51,1,1,0,False
Lichtenau im Mühlkreis,04:02:30,2,1,1,False
Nebelberg,16:02:27,2,2,1,False
Neufelden,08:37:41,0,3,3,False
Niederkappel,07:33:17,2,3,3,False
Niederwaldkirchen,21:15:35,0,2,2,False
Oberkappel,11:30:00,5,3,5,False
Oepping,15:06:10,2,1,0,False
Peilstein im Mühlviertel,09:07:26,0,2,1,False
Pfarrkirchen im Mühlkreis,11:19:58,1,1,1,False
Putzleinsdorf,08:08:37,0,1,1,False
Neustift im Mühlkreis,09:03:25,1,1,2,False
Rohrbach in Oberösterreich,01:15:14,2,1,1,False
Sankt Johann am Wimberg,14:26:22,2,3,4,False
Sankt Martin im Mühlkreis,23:51:45,0,3,3,False
Sankt Oswald bei Haslach,20:42:44,0,2,4,False
Sankt Peter am Wimberg,18:44:33,3,1,2,False
Sankt Stefan am Walde,16:37:48,0,2,1,False
Sankt Ulrich im Mühlkreis,21:18:25,0,2,2,False
Sankt Veit im Mühlkreis,17:17:02,2,3,5,False
Sarleinsbach,07:41:42,3,2,4,False
Schlägl,17:57:47,3,3,5,False
Schönegg,19:07:00,2,1,0,False
Schwarzenberg am Böhmerwald,04:15:28,1,1,2,False
Ulrichsberg,22:30:59,3,2,2,False
Altschwendt,21:30:20,1,2,2,False
Andorf,22:39:25,1,1,0,False
Brunnenthal,23:07:08,0,3,5,False
Diersbach,13:59:56,3,1,0,False
Dorf an der Pram,13:47:44,3,3,4,False
Eggerding,16:31:10,2,1,0,False
Engelhartszell,06:18:15,0,2,4,False
Enzenkirchen,15:26:24,2,1,2,False
Esternberg,23:44:10,3,3,5,False
Freinberg,01:09:03,2,3,3,False
Kopfing im Innkreis,09:35:15,0,2,3,False
Mayrhof,22:01:51,4,2,1,False
Münzkirchen,02:56:52,1,3,4,False
Raab,16:37:18,2,3,5,False
Rainbach im Innkreis,05:27:01,2,1,2,False
Riedau,09:35:34,2,2,2,False
Sankt Aegidi,15:14:12,2,1,0,False
Sankt Florian am Inn,14:44:30,1,1,0,False
Sankt Marienkirchen bei Schärding,05:36:55,3,1,0,False
Sankt Roman,08:03:56,3,1,1,False
Sankt Willibald,19:14:21,3,2,4,False
Schärding,06:36:36,2,3,5,False
Schardenberg,16:53:09,1,2,2,False
Sigharting,11:57:08,0,2,1,False
Suben,15:08:52,0,2,1,False
Taufkirchen an der Pram,03:38:34,2,1,1,False
Vichtenstein,04:38:09,1,1,2,False
Waldkirchen am Wesen,10:34:56,1,1,0,False
Wernstein am Inn,03:42:19,1,3,4,False
Zell an der Pram,07:18:18,2,3,4,False
Adlwang,05:47:13,3,3,4,False
Aschach an der Steyr,21:28:06,1,3,5,False
Bad Hall,06:51:39,2,1,1,False
Dietach,15:50:36,0,2,1,False
Gaflenz,10:41:27,0,1,0,False
Garsten,16:08:16,1,1,0,False
Großraming,00:21:06,3,2,4,False
Laussa,01:38:27,3,1,0,False
Losenstein,10:32:08,3,3,4,False
Maria Neustift,15:06:08,0,1,0,False
Pfarrkirchen bei Bad Hall,10:16:51,1,2,3,False
Reichraming,04:00:45,2,1,1,False
Rohr im Kremstal,05:29:10,3,1,1,False
Sankt Ulrich bei Steyr,14:07:20,0,3,4,False
Schiedlberg,16:35:47,1,1,0,False
Sierning,05:52:28,2,3,4,False
Ternberg,03:02:38,1,2,3,False
Waldneukirchen,16:53:30,0,2,4,False
Weyer,11:33:28,3,2,4,False
Weyer Markt,18:37:48,1,2,1,False
Wolfern,07:40:16,3,1,1,False
Alberndorf in der Riedmark,01:04:09,2,3,3,False
Altenberg bei Linz,01:47:54,3,1,0,False
Bad Leonfelden,18:49:20,2,3,3,False
Eidenberg,21:39:38,1,3,4,False
Engerwitzdorf,15:28:31,2,2,2,False
Feldkirchen an der Donau,02:30:31,0,2,4,False
Gallneukirchen,13:27:01,0,1,0,False
Goldwörth,07:59:01,1,1,0,False
Gramastetten,07:41:26,3,1,0,False
Haibach im Mühlkreis,05:53:23,2,2,2,False
Hellmonsödt,04:55:58,1,3,4,False
Herzogsdorf,19:08:16,0,3,5,False
Kirchschlag bei Linz,17:40:50,2,2,1,False
Lichtenberg,20:39:33,1,1,0,False
Oberneukirchen,05:52:04,3,3,5,False
Ottenschlag im Mühlkreis,10:49:57,1,1,2,False
Ottensheim,22:12:28,2,2,4,False
Puchenau,03:58:29,3,3,3,False
Reichenau im Mühlkreis,01:43:30,2,1,1,False
Reichenthal,08:18:53,1,1,1,False
Sankt Gotthard im Mühlkreis,04:29:53,3,1,0,False
Schenkenfelden,05:19:40,0,3,3,False
Sonnberg im Mühlkreis,17:17:10,3,3,4,False
Steyregg,16:19:29,1,3,5,False
Vorderweißenbach,15:12:31,1,3,4,False
Walding,09:07:43,0,2,1,False
Zwettl an der Rodl,13:16:08,3,1,0,False
Ampflwang im Hausruckwald,15:09:42,1,2,4,False
Attersee,11:54:28,3,1,2,False
Attnang-Puchheim,14:11:24,1,1,2,False
Atzbach,03:02:04,1,2,2,False
Aurach am Hongar,07:10:54,1,2,4,False
Berg im Attergau,03:26:52,2,3,5,False
Desselbrunn,23:54:06,1,2,1,False
Fornach,04:03:40,0,3,3,False
Frankenburg am Hausruck,14:31:58,3,2,1,False
Frankenmarkt,02:05:43,2,1,1,False
Gampern,11:08:10,0,3,4,False
Innerschwand,19:43:35,0,1,0,False
Lenzing,07:16:14,1,3,3,False
Manning,19:07:07,0,2,2,False
Mondsee,07:00:38,3,1,2,False
Neukirchen an der Vöckla,22:48:01,1,3,5,False
Niederthalheim,14:26:09,1,3,4,False
Nußdorf am Attersee,19:25:38,3,2,1,False
Oberhofen am Irrsee,06:29:40,2,3,5,False
Oberndorf bei Schwanenstadt,21:43:00,1,3,3,False
Oberwang,21:36:02,1,2,4,False
Ottnang am Hausruck,14:14:52,1,2,2,False
Pfaffing,05:35:14,2,3,3,False
Pilsbach,02:44:00,4,3,4,False
Pitzenberg,01:26:58,1,3,5,False
Pöndorf,16:18:38,3,3,4,False
Puchkirchen am Trattberg,05:31:19,1,2,1,False
Pühret,00:13:12,2,3,4,False
Redleiten,07:04:28,2,1,2,False
Redlham,09:59:21,3,2,2,False
Regau,06:01:58,1,2,2,False
Rüstorf,23:17:16,0,1,2,False
Rutzenham,04:05:08,4,1,1,False
Sankt Georgen im Attergau,14:07:32,1,2,3,False
Sankt Lorenz,22:55:25,1,2,4,False
Schlatt,20:27:47,2,2,2,False
Schörfling am Attersee,11:56:49,1,2,3,False
Schwanenstadt,05:15:22,0,3,5,False
Seewalchen am Attersee,23:24:47,3,3,3,False
Steinbach am Attersee,22:34:48,0,2,3,False
Straß im Attergau,00:15:56,3,2,3,False
Tiefgraben,04:49:26,2,1,1,False
Timelkam,11:58:24,3,3,5,False
Ungenach,01:08:07,4,1,0,False
Unterach am Attersee,11:13:12,0,2,4,False
Vöcklabruck,03:44:03,2,2,1,False
Vöcklamarkt,09:48:57,3,2,4,False
Weißenkirchen im Attergau,01:50:14,2,3,5,False
Weyregg am Attersee,11:02:11,2,2,3,False
Wolfsegg am Hausruck,07:49:56,3,1,2,False
Zell am Moos,14:06:09,3,1,2,False
Zell am Pettenfirst,00:59:24,1,1,0,False
Aichkirchen,13:50:20,1,1,0,False
Bachmanning,18:13:01,3,1,0,False
Bad Wimsbach-Neydharting,19:05:52,3,3,3,False
Buchkirchen,00:27:26,0,3,4,False
Eberstalzell,01:46:09,3,2,2,False
Edt bei Lambach,11:52:38,0,2,3,False
Fischlham,00:32:13,0,3,4,False
Gunskirchen,21:42:52,0,1,0,False
Holzhausen,05:52:02,1,3,5,False
Krenglbach,20:13:51,2,1,1,False
Lambach,09:13:39,3,3,3,False
Marchtrenk,10:36:55,0,3,3,False
Neukirchen bei Lambach,18:19:22,3,3,5,False
Offenhausen,03:01:48,2,2,1,False
Pennewang,07:33:35,3,3,5,False
Pichl bei Wels,07:03:09,0,2,3,False
Sattledt,17:30:09,1,2,3,False
Schleißheim,18:12:37,3,3,5,False
Sipbachzell,20:29:06,2,1,2,False
Stadl-Paura,07:14:49,2,2,3,False
Steinerkirchen an der Traun,07:48:22,1,1,1,False
Steinhaus,11:18:59,3,3,4,False
Thalheim bei Wels,06:55:13,3,1,0,False
Weißkirchen an der Traun,17:15:18,1,1,2,False
Salzburg,00:55:04,1,1,1,False
Abtenau,18:17:33,3,2,3,False
Adnet,03:46:15,3,1,1,False
Annaberg-Lungötz,15:55:50,3,3,3,False
Golling an der Salzach,19:02:54,3,1,1,False
Hallein,03:14:17,3,2,3,False
Krispl,20:53:18,0,3,3,False
Kuchl,19:25:33,3,2,1,False
Oberalm,08:19:12,0,2,2,False
Puch bei Hallein,07:22:08,0,1,2,False
Rußbach am Paß Gschütt,15:26:54,3,2,1,False
Sankt Koloman,08:29:26,1,1,0,False
Scheffau am Tennengebirge,18:30:16,1,2,4,False
Bad Vigaun,06:18:25,0,3,5,False
Anif,00:45:57,0,2,1,False
Anthering,01:45:48,2,2,1,False
Bergheim,02:38:09,3,1,1,False
Berndorf bei Salzburg,05:20:09,1,1,2,False
Bürmoos,04:36:48,1,2,3,False
Dorfbeuern,11:52:59,0,2,3,False
Ebenau,20:26:11,3,1,0,False
Elixhausen,03:44:26,1,1,0,False
Elsbethen,19:44:32,2,1,1,False
Eugendorf,19:01:45,2,1,1,False
Faistenau,23:03:42,0,1,1,False
Fuschl am See,04:12:41,2,2,1,False
Göming,14:14:49,4,1,2,False
Grödig,00:50:08,1,1,2,False
Großgmain,18:40:48,0,3,4,False
Hallwang,08:16:40,3,3,4,False
Henndorf am Wallersee,07:57:28,1,2,4,False
Hintersee,13:39:52,0,3,3,False
Hof bei Salzburg,23:03:11,1,3,3,False
Köstendorf,02:35:37,0,1,1,False
Koppl,12:59:07,0,2,3,False
Lamprechtshausen,07:21:33,0,3,5,False
Mattsee,02:17:17,0,2,1,False
Neumarkt am Wallersee,05:58:24,2,1,1,False
Nußdorf am Haunsberg,18:58:03,3,2,4,False
Oberndorf bei Salzburg,06:16:40,3,3,5,False
Obertrum am See,20:51:21,1,1,2,False
Plainfeld,04:56:59,2,1,1,False
Sankt Georgen bei Salzburg,19:59:19,1,3,3,False
Sankt Gilgen,03:36:42,3,2,1,False
Schleedorf,12:08:04,3,1,0,False
Seeham,11:24:17,1,3,4,False
Straßwalchen,12:36:15,2,1,0,False
Strobl,09:51:51,1,1,1,False
Thalgau,02:58:10,0,3,5,False
Wals-Siezenheim,20:07:23,2,3,3,False
Seekirchen am Wallersee,10:21:59,2,1,1,False
Altenmarkt im Pongau,12:19:02,1,3,4,False
Bad Hofgastein,02:09:58,3,2,4,False
Bad Gastein,06:58:50,2,2,3,False
Bischofshofen,16:02:17,0,3,3,False
Dorfgastein,06:50:23,2,3,5,False
Eben im Pongau,14:31:32,3,1,1,False
Filzmoos,23:59:28,0,2,4,False
Flachau,04:04:04,1,1,1,False
Forstau,08:00:22,1,3,5,False
Goldegg,01:57:26,2,3,4,False
Großarl,15:38:49,3,1,0,False
Hüttau,09:03:13,3,1,2,False
Hüttschlag,17:27:04,2,2,2,False
Kleinarl,22:11:30,2,3,3,False
Mühlbach am Hochkönig,06:58:46,2,1,1,False
Pfarrwerfen,22:26:27,1,2,2,False
Radstadt,19:21:37,2,3,4,False
Sankt Johann im Pongau,01:44:07,3,3,3,False
Sankt Martin am Tennengebirge,21:30:13,1,3,3,False
Sankt Veit im Pongau,19:40:46,0,1,0,False
Schwarzach im Pongau,18:10:02,3,1,2,False
Untertauern,13:17:07,3,2,4,False
Wagrain,14:14:35,3,1,0,False
Werfen,09:42:00,2,1,2,False
Werfenweng,14:58:35,1,3,5,False
Göriach,10:36:42,1,1,1,False
Lessach,02:00:37,4,3,5,False
Mariapfarr,04:44:13,3,2,3,False
Mauterndorf,03:50:08,2,1,1,False
Muhr,12:58:07,0,3,4,False
Ramingstein,07:47:13,1,3,5,False
Sankt Andrä im Lungau,04:10:57,2,1,1,False
Sankt Margarethen im Lungau,10:02:42,2,3,3,False
Sankt Michael im Lungau,13:59:53,2,1,2,False
Tamsweg,13:44:17,3,3,3,False
Thomatal,13:30:08,2,3,5,False
Tweng,13:35:44,6,1,2,False
Unternberg,12:58:27,2,2,1,False
Weißpriach,14:28:07,5,1,2,False
Zederhaus,22:51:02,2,1,0,False
Bramberg am Wildkogel,04:36:23,1,1,0,False
Bruck an der Großglocknerstraße,18:35:44,2,2,3,False
Dienten am Hochkönig,20:21:49,2,2,3,False
Fusch an der Großglocknerstraße,10:46:35,2,2,3,False
Hollersbach im Pinzgau,09:23:41,3,2,1,False
Kaprun,23:20:45,0,2,3,False
Krimml,18:03:11,3,3,3,False
Lend,07:31:14,1,3,5,False
Leogang,06:14:03,0,1,1,False
Lofer,17:06:42,2,1,0,False
Maishofen,18:05:53,3,3,4,False
Maria Alm am Steinernen Meer,04:29:45,1,1,2,False
Mittersill,05:47:23,1,3,5,False
Neukirchen am Großvenediger,19:16:08,3,1,0,False
Niedernsill,11:01:16,0,1,1,False
Piesendorf,13:24:15,3,3,3,False
Rauris,20:47:49,3,3,4,False
Saalbach-Hinterglemm,11:15:27,0,1,0,False
Saalfelden am Steinernen Meer,13:19:50,0,1,2,False
Sankt Martin bei Lofer,21:14:34,4,2,1,False
Stuhlfelden,15:26:22,4,3,3,False
Taxenbach,03:00:44,0,2,2,False
Unken,21:33:44,2,2,2,False
Uttendorf,09:36:08,3,2,4,False
Viehhofen,05:46:20,3,2,3,False
Wald im Pinzgau,18:17:33,1,1,0,False
Weißbach bei Lofer,08:54:49,1,3,5,False
Zell am See,02:38:31,1,2,1,False
Graz,00:40:50,3,3,5,False
Aflenz Kurort,07:25:34,2,2,4,False
Aflenz Land,07:54:24,3,1,0,False
Breitenau am Hochlantsch,06:26:18,4,1,1,False
Bruck an der Mur,09:52:21,2,3,5,False
Etmißl,13:30:48,3,1,2,False
Frauenberg,20:39:53,5,1,1,False
Gußwerk,14:23:14,4,3,3,False
Halltal,18:41:04,10,3,3,True
Kapfenberg,11:48:22,3,1,1,False
Mariazell,20:11:19,2,3,3,False
Oberaich,04:55:22,1,3,5,False
Parschlug,21:24:49,2,1,0,False
Pernegg an der Mur,05:34:29,3,1,1,False
Sankt Ilgen,15:06:05,5,1,2,False
Sankt Katharein an der Laming,03:09:23,3,3,5,False
Sankt Lorenzen im Mürztal,17:59:01,1,3,4,False
Sankt Marein im Mürztal,02:23:18,4,3,3,False
Sankt Sebastian,13:07:42,7,2,1,False
Thörl,17:46:55,4,3,4,False
Tragöß,14:21:16,3,3,3,False
Turnau,20:59:56,3,3,4,False
Aibl,18:00:08,0,3,5,False
Deutschlandsberg,20:06:04,1,1,0,False
Eibiswald,08:52:11,2,3,3,False
Frauental an der Laßnitz,16:27:25,2,3,4,False
Freiland bei Deutschlandsberg,02:40:49,7,3,5,True
Bad Gams,16:21:59,2,3,3,False
Garanas,03:46:23,3,3,4,False
Georgsberg,05:17:00,4,3,3,False
Greisdorf,17:09:05,2,1,0,False
Gressenberg,10:53:33,7,2,2,False
Groß Sankt Florian,15:10:03,3,3,4,False
Großradl,08:27:21,3,3,4,False
Gundersdorf,00:04:51,2,1,1,False
Hollenegg,06:31:59,2,2,4,False
Kloster,13:11:51,4,1,1,False
Lannach,16:47:54,0,3,3,False
Limberg bei Wies,13:27:45,1,1,2,False
Marhof,09:28:47,2,1,2,False
Osterwitz,07:51:37,3,1,0,False
Pitschgau,10:22:20,2,3,4,False
Pölfing-Brunn,22:26:14,0,2,2,False
Preding,03:29:02,1,2,3,False
Rassach,00:58:46,1,3,5,False
Sankt Josef (Weststeiermark),07:36:48,3,1,2,False
Sankt Martin im Sulmtal,13:01:53,1,2,3,False
Sankt Oswald ob Eibiswald,13:43:07,4,2,1,False
Sankt Peter im Sulmtal,20:59:39,4,2,3,False
Sankt Stefan ob Stainz,02:16:06,2,1,1,False
Schwanberg,06:33:27,1,2,1,False
Soboth,18:16:36,3,1,2,False
Stainz,15:58:57,1,3,4,False
Stainztal,13:31:41,0,1,0,False
Stallhof,20:53:37,1,2,1,False
Sulmeck-Greith,14:04:49,1,3,3,False
Trahütten,01:36:07,1,3,4,False
Unterbergla,21:10:57,3,1,1,False
Wernersdorf,10:48:47,1,1,2,False
Wettmannstätten,07:12:21,1,1,0,False
Wielfresen,15:56:17,3,1,1,False
Wies,12:58:54,3,2,2,False
Auersbach,11:44:43,6,1,2,False
Aug-Radisch,11:08:06,6,1,1,False
Bad Gleichenberg,12:40:10,4,3,5,False
Bairisch Kölldorf,11:57:48,3,2,1,False
Baumgarten bei Gnas,08:47:21,5,2,3,False
Breitenfeld an der Rittschein,03:22:34,5,3,5,False
Edelsbach bei Feldbach,13:50:03,2,3,3,False
Edelstauden,09:57:06,5,1,2,False
Eichkögl,21:17:29,3,1,0,False
Fehring,20:45:58,3,2,1,False
Feldbach,10:16:11,4,1,0,False
Fladnitz im Raabtal,09:58:06,5,1,2,False
Frannach,08:30:10,3,3,4,False
Frutten-Gießelsdorf,21:11:37,4,3,3,False
Glojach,16:47:43,7,2,4,False
Gnas,15:12:56,2,1,1,False
Gniebing-Weißenbach,15:27:37,4,2,2,False
Gossendorf,10:17:31,2,1,0,False
Grabersdorf,10:13:11,5,1,1,False
Hatzendorf,23:35:51,3,1,1,False
Hohenbrugg-Weinberg,11:56:41,6,3,5,False
Jagerberg,05:35:19,1,2,3,False
Johnsdorf-Brunn,21:26:45,5,3,3,False
Kapfenstein,14:55:41,5,1,2,False
Kirchbach in Steiermark,14:08:12,2,2,2,False
Kirchberg an der Raab,04:24:06,2,2,3,False
Kohlberg,23:02:12,5,1,2,False
Kornberg bei Riegersburg,23:12:48,5,2,2,False
Krusdorf,18:11:50,4,1,0,False
Leitersdorf im Raabtal,11:38:08,6,3,4,False
Lödersdorf,10:46:12,3,2,1,False
Maierdorf,04:50:20,5,1,2,False
Merkendorf,14:03:54,5,2,2,False
Mitterlabill,23:27:53,2,2,1,False
Mühldorf bei Feldbach,12:29:05,4,1,1,False
Oberdorf am Hochegg,12:30:27,3,3,3,False
Oberstorcha,15:56:16,2,2,3,False
Paldau,04:16:31,1,2,1,False
Perlsdorf,13:16:18,7,1,2,False
Pertlstein,20:15:29,5,1,0,False
Petersdorf II,10:39:48,3,1,0,False
Pirching am Traubenberg,01:51:31,1,2,4,False
Poppendorf,04:21:40,4,3,3,False
Raabau,12:04:01,6,3,5,False
Raning,12:04:52,2,2,4,False
Riegersburg,12:02:44,3,3,4,False
Sankt Anna am Aigen,13:10:38,2,1,0,False
Sankt Stefan im Rosental,03:46:32,0,1,2,False
Schwarzau im Schwarzautal,10:53:52,1,1,1,False
Stainz bei Straden,18:36:55,5,3,3,False
Studenzen,16:41:43,6,3,5,False
Trautmannsdorf in Oststeiermark,08:13:01,5,3,3,False
Unterauersbach,08:59:12,5,1,0,False
Unterlamm,23:55:22,2,2,2,False
Zerlach,20:01:40,3,1,0,False
Altenmarkt bei Fürstenfeld,05:26:54,4,3,5,False
Bad Blumau,19:38:09,5,2,2,False
Burgau,19:13:21,5,3,3,False
Fürstenfeld,12:10:02,5,2,4,False
Großsteinbach,04:55:04,4,2,2,False
Großwilfersdorf,20:23:18,6,3,3,False
Hainersdorf,08:03:04,3,1,2,False
Ilz,05:07:52,3,1,2,False
Loipersdorf bei Fürstenfeld,14:59:37,5,1,1,False
Nestelbach im Ilztal,04:44:48,3,2,4,False
Ottendorf an der Rittschein,23:40:06,4,1,1,False
Söchau,23:29:35,4,1,0,False
Stein,21:43:49,6,1,0,False
Übersbach,16:13:12,5,2,3,False
Attendorf,13:42:08,3,2,1,False
Brodingberg,20:37:17,1,2,3,False
Deutschfeistritz,05:54:38,1,3,5,False
Dobl,04:07:12,0,2,4,False
Edelsgrub,12:38:16,1,1,2,False
Eggersdorf bei Graz,00:12:48,0,2,3,False
Eisbach,01:01:45,3,1,2,False
Feldkirchen bei Graz,10:36:43,0,3,4,False
Fernitz,06:36:04,0,2,4,False
Frohnleiten,15:43:40,1,2,2,False
Gössendorf,18:28:12,1,3,3,False
Grambach,10:43:03,2,1,0,False
Gratkorn,15:32:25,3,3,5,False
Gratwein,07:18:02,0,3,5,False
Großstübing,13:25:42,5,2,3,False
Gschnaidt,19:07:32,3,1,1,False
Hart bei Graz,01:02:32,1,3,3,False
Haselsdorf-Tobelbad,00:17:40,0,3,5,False
Hausmannstätten,10:30:24,2,1,1,False
Hitzendorf,04:49:55,0,3,4,False
Höf-Präbach,17:06:32,2,1,2,False
Judendorf-Straßengel,05:02:04,2,1,1,False
Kainbach bei Graz,09:32:23,1,2,2,False
Kalsdorf bei Graz,06:00:28,3,2,3,False
Krumegg,19:26:15,1,3,5,False
Kumberg,12:17:39,0,3,5,False
Langegg bei Graz,15:02:33,1,2,3,False
Laßnitzhöhe,16:14:16,1,3,4,False
Lieboch,21:39:21,1,1,1,False
Mellach,01:35:40,2,3,4,False
Nestelbach bei Graz,22:17:12,1,3,4,False
Peggau,14:02:09,2,2,3,False
Pirka,13:28:30,1,3,4,False
Hart-Purgstall,07:54:59,0,1,1,False
Raaba,21:14:01,0,3,3,False
Röthelstein,05:58:13,4,1,0,False
Rohrbach-Steinberg,23:05:57,3,3,3,False
Sankt Bartholomä,23:02:16,2,1,2,False
Sankt Marein bei Graz,14:54:18,3,2,2,False
Sankt Oswald bei Plankenwarth,20:38:43,1,1,2,False
Sankt Radegund bei Graz,19:15:59,3,3,3,False
Schrems bei Frohnleiten,23:31:56,2,1,1,False
Seiersberg,21:53:58,0,3,5,False
Semriach,08:05:23,3,1,0,False
Stattegg,16:38:31,1,1,0,False
Stiwoll,03:01:34,2,1,1,False
Thal,19:32:43,4,3,3,False
Tulwitz,17:37:30,3,3,4,False
Tyrnau,11:50:47,5,2,3,False
Übelbach,02:31:09,1,3,3,False
Unterpremstätten,06:22:18,3,1,1,False
Vasoldsberg,09:18:25,2,2,3,False
Weinitzen,20:24:24,4,1,1,False
Werndorf,15:03:14,3,1,0,False
Wundschuh,05:48:47,1,2,2,False
Zettling,01:19:23,1,2,3,False
Zwaring-Pöls,13:40:36,1,1,0,False
Blaindorf,00:21:41,5,2,3,False
Buch-Geiseldorf,17:08:43,4,2,2,False
Dechantskirchen,21:16:29,4,1,0,False
Dienersdorf,04:02:57,7,1,1,False
Ebersdorf,07:39:22,5,1,2,False
Friedberg,18:37:32,3,3,5,False
Grafendorf bei Hartberg,23:08:50,4,3,5,False
Greinbach,00:05:13,5,3,4,False
Großhart,22:03:19,3,3,3,False
Hartberg,18:56:55,4,3,4,False
Hartberg Umgebung,21:58:42,3,1,2,False
Hartl,00:16:22,4,2,1,False
Hofkirchen bei Hartberg,21:47:05,4,1,2,False
Kaibing,00:24:08,5,2,1,False
Kaindorf,02:35:35,6,2,3,False
Eichberg,22:47:55,3,1,0,False
Lafnitz,17:10:24,3,2,4,False
Limbach bei Neudau,01:04:22,4,1,0,False
Mönichwald,20:44:46,3,1,0,False
Neudau,05:52:06,5,3,3,False
Pinggau,10:47:51,5,3,5,False
Pöllau,09:16:44,5,1,1,False
Pöllauberg,12:07:38,2,3,5,False
Puchegg,21:14:10,4,2,4,False
Rabenwald,07:15:40,4,3,4,False
Riegersberg,10:48:33,5,1,2,False
Rohr bei Hartberg,08:22:18,7,1,0,False
Rohrbach an der Lafnitz,22:28:44,5,1,2,False
Saifen-Boden,06:29:02,2,3,5,False
Sankt Jakob im Walde,07:12:39,5,3,4,False
Sankt Johann bei Herberstein,18:26:15,7,2,1,False
Sankt Johann in der Haide,16:52:49,3,1,2,False
Sankt Lorenzen am Wechsel,23:22:11,4,1,1,False
Sankt Magdalena am Lemberg,16:59:30,4,2,2,False
Schachen bei Vorau,06:28:56,3,3,5,False
Schäffern,13:05:29,4,2,3,False
Schlag bei Thalberg,02:12:12,6,1,2,False
Schönegg bei Pöllau,22:35:55,3,1,1,False
Sebersdorf,05:09:41,3,2,2,False
Siegersdorf bei Herberstein,04:59:02,5,2,4,False
Sonnhofen,12:51:25,3,3,3,False
Stambach,17:04:28,5,2,1,False
Stubenberg,11:04:57,4,3,4,False
Tiefenbach bei Kaindorf,03:38:12,4,3,4,False
Vorau,04:03:05,3,2,3,False
Vornholz,08:53:06,3,2,1,False
Waldbach,03:56:50,3,2,3,False
Bad Waltersdorf,22:36:31,2,3,4,False
Wenigzell,23:34:18,5,2,4,False
Wörth an der Lafnitz,14:18:35,5,1,2,False
Amering,22:25:50,2,1,2,False
Bretstein,04:28:22,2,2,3,False
Eppenstein,06:41:14,3,2,1,False
Fohnsdorf,02:18:06,2,2,3,False
Hohentauern,18:35:48,2,3,3,False
Judenburg,22:14:23,0,3,3,False
Sankt Wolfgang-Kienberg,20:34:53,4,2,2,False
Sankt Anna am Lavantegg,17:12:49,4,3,4,False
Maria Buch-Feistritz,13:40:42,3,1,1,False
Obdach,20:47:12,2,2,3,False
Oberkurzheim,18:58:53,1,1,1,False
Oberweg,07:13:05,4,3,3,False
Oberzeiring,23:56:28,3,3,3,False
Pöls,01:12:25,3,3,4,False
Pusterwald,14:56:30,4,3,3,False
Reifling,11:44:20,4,2,2,False
Reisstraße,08:34:16,6,2,1,False
Sankt Georgen ob Judenburg,06:37:53,3,1,2,False
Sankt Johann am Tauern,07:19:19,2,3,4,False
Sankt Oswald-Möderbrugg,03:04:20,4,1,1,False
Sankt Peter ob Judenburg,18:30:35,2,1,2,False
Unzmarkt-Frauenburg,01:02:18,2,2,3,False
Weißkirchen in Steiermark,05:32:19,4,3,5,False
Zeltweg,18:53:58,2,2,2,False
Apfelberg,09:50:46,3,1,2,False
Feistritz bei Knittelfeld,23:09:28,2,1,2,False
Flatschach,11:38:42,7,1,1,False
Gaal,01:40:27,3,2,3,False
Großlobming,14:43:38,2,2,4,False
Kleinlobming,09:29:54,2,3,4,False
Knittelfeld,06:36:10,1,1,2,False
Kobenz,03:19:06,1,2,2,False
Rachau,11:49:46,2,1,1,False
Sankt Lorenzen bei Knittelfeld,11:48:48,5,2,2,False
Sankt Marein bei Knittelfeld,10:37:53,3,3,3,False
Sankt Margarethen bei Knittelfeld,22:17:45,2,3,4,False
Seckau,04:34:39,3,1,1,False
Spielberg bei Knittelfeld,02:03:01,3,1,2,False
Allerheiligen bei Wildon,01:13:47,3,1,1,False
Arnfels,06:49:33,2,1,0,False
Berghausen,04:23:03,4,2,3,False
Breitenfeld am Tannenriegel,00:45:54,8,1,2,False
Ehrenhausen,06:52:10,5,2,4,False
Eichberg-Trautenburg,02:36:50,1,2,4,False
Empersdorf,20:29:55,4,1,1,False
Gabersdorf,02:13:38,4,3,3,False
Gamlitz,23:25:03,1,1,2,False
Glanz an der Weinstraße,01:04:08,1,2,1,False
Gleinstätten,06:37:23,3,1,0,False
Gralla,17:11:13,2,1,2,False
Großklein,19:20:59,3,1,2,False
Hainsdorf im Schwarzautal,11:20:03,4,3,4,False
Heiligenkreuz am Waasen,22:09:56,3,3,5,False
Heimschuh,09:01:54,3,3,3,False
Hengsberg,13:37:14,1,1,2,False
Kaindorf an der Sulm,06:55:47,2,2,3,False
Kitzeck im Sausal,18:13:56,3,2,1,False
Lang,11:08:59,1,3,5,False
Lebring-Sankt Margarethen,19:59:03,1,2,3,False
Leibnitz,01:41:01,3,1,0,False
Leutschach,14:29:03,2,1,0,False
Oberhaag,21:02:34,3,1,2,False
Obervogau,09:20:32,3,1,1,False
Pistorf,20:51:22,2,2,1,False
Ragnitz,20:43:13,3,1,0,False
Ratsch an der Weinstraße,06:03:09,1,1,2,False
Retznei,13:00:48,1,2,1,False
Sankt Andrä-Höch,04:41:09,2,2,4,False
Sankt Georgen an der Stiefing,21:34:23,2,1,1,False
Sankt Johann im Saggautal,19:30:10,2,3,5,False
Sankt Nikolai im Sausal,19:40:33,1,3,5,False
Sankt Nikolai ob Draßling,21:38:20,4,2,2,False
Sankt Ulrich am Waasen,13:39:50,2,1,2,False
Sankt Veit am Vogau,19:06:32,2,2,4,False
Schloßberg,17:54:22,3,2,2,False
Seggauberg,00:48:39,3,2,1,False
Spielfeld,16:39:58,4,1,2,False
Stocking,15:21:30,1,2,1,False
Straß in Steiermark,15:49:16,4,3,5,False
Sulztal an der Weinstraße,10:47:42,10,3,4,False
Tillmitsch,14:54:46,1,2,2,False
Vogau,06:28:50,3,2,3,False
Wagna,10:14:56,0,2,1,False
Weitendorf,09:25:09,0,2,2,False
Wildon,20:51:33,2,1,0,False
Wolfsberg im Schwarzautal,22:01:49,3,1,2,False
Eisenerz,00:14:36,4,2,4,False
Gai,07:35:22,1,2,2,False
Hafning bei Trofaiach,07:10:12,2,2,3,False
Hieflau,14:55:28,1,1,1,False
Kalwang,20:24:18,4,2,3,False
Kammern im Liesingtal,01:40:13,1,2,1,False
Kraubath an der Mur,10:41:48,3,1,1,False
Leoben,18:23:26,2,3,4,False
Mautern in Steiermark,07:38:45,2,1,0,False
Niklasdorf,01:07:13,3,2,2,False
Proleb,07:28:44,4,2,4,False
Radmer,03:54:52,6,3,5,False
Sankt Michael in Obersteiermark,03:31:42,4,2,2,False
Sankt Peter-Freienstein,09:16:10,4,2,4,False
Sankt Stefan ob Leoben,14:00:19,4,3,5,False
Traboch,04:05:24,2,3,4,False
Trofaiach,15:14:01,4,3,4,False
Vordernberg,04:42:14,2,1,2,False
Wald am Schoberpaß,13:58:03,2,2,4,False
Admont,12:35:43,0,1,2,False
Aich,05:35:17,0,3,4,False
Aigen im Ennstal,06:18:27,2,2,3,False
Altaussee,18:53:40,1,2,2,False
Altenmarkt bei Sankt Gallen,03:30:42,0,3,3,False
Ardning,11:46:49,2,1,2,False
Bad Aussee,18:50:31,2,1,2,False
Donnersbach,04:42:27,2,2,4,False
Donnersbachwald,16:37:07,1,2,4,False
Gaishorn am See,11:02:01,3,3,3,False
Gams bei Hieflau,07:52:25,4,1,1,False
Gössenberg,11:07:30,2,1,1,False
Gröbming,21:26:09,0,3,5,False
Großsölk,01:03:19,3,2,2,False
Grundlsee,00:39:07,4,2,3,False
Hall,13:33:24,1,1,0,False
Haus,15:45:22,1,3,3,False
Irdning,08:17:58,1,2,1,False
Johnsbach,21:53:36,4,3,4,False
Kleinsölk,03:29:10,1,2,2,False
Landl,02:40:12,3,3,5,False
Lassing,03:26:59,2,2,1,False
Liezen,21:36:27,1,2,2,False
Michaelerberg,18:24:37,6,3,3,False
Mitterberg,22:02:42,1,1,2,False
Bad Mitterndorf,06:03:46,0,3,3,False
Niederöblarn,08:03:30,2,1,2,False
Öblarn,05:38:24,3,2,3,False
Oppenberg,14:22:39,2,2,3,False
Palfau,22:47:28,3,2,2,False
Pichl-Preunegg,03:13:46,3,2,1,False
Pichl-Kainisch,14:35:28,4,2,4,False
Pruggern,08:57:31,2,1,0,False
Pürgg-Trautenfels,00:39:59,2,1,0,False
Ramsau am Dachstein,10:49:54,2,2,1,False
Rohrmoos-Untertal,03:51:35,1,3,4,False
Rottenmann,23:51:34,0,2,4,False
Sankt Gallen,03:41:52,1,3,5,False
Sankt Martin am Grimming,17:02:04,1,2,2,False
Sankt Nikolai im Sölktal,01:10:12,4,2,4,False
Schladming,20:59:23,0,3,4,False
Selzthal,14:26:40,1,3,3,False
Stainach,23:57:47,0,1,2,False
Tauplitz,23:24:51,2,2,2,False
Treglwang,06:52:42,3,3,3,False
Trieben,15:45:01,3,2,1,False
Weißenbach an der Enns,22:18:21,3,1,1,False
Weißenbach bei Liezen,02:54:36,2,1,2,False
Weng im Gesäuse,03:54:10,3,1,1,False
Wildalpen,03:57:17,2,3,3,False
Wörschach,19:33:07,2,1,2,False
Allerheiligen im Mürztal,04:54:25,2,2,2,False
Altenberg an der Rax,19:49:05,8,3,5,False
Ganz,04:42:59,7,2,3,False
Kapellen,05:06:51,4,2,4,False
Kindberg,20:18:57,4,1,2,False
Krieglach,09:32:18,2,2,3,False
Langenwang,00:09:07,4,1,2,False
Mitterdorf im Mürztal,06:58:00,2,2,4,False
Mürzhofen,09:03:44,4,3,4,False
Mürzsteg,01:46:21,3,2,3,False
Mürzzuschlag,11:26:07,5,1,0,False
Neuberg an der Mürz,11:34:06,4,2,1,False
Spital am Semmering,21:06:24,4,2,3,False
Stanz im Mürztal,19:02:42,4,3,3,False
Veitsch,20:25:58,1,1,0,False
Wartberg im Mürztal,07:36:57,4,2,3,False
Dürnstein in der Steiermark,15:27:49,5,3,4,False
Falkendorf,04:03:07,10,1,0,False
Frojach-Katsch,16:20:54,4,1,0,False
Krakaudorf,09:20:52,1,3,3,False
Krakauhintermühlen,02:37:14,2,2,2,False
Krakauschatten,23:12:42,3,3,5,False
Kulm am Zirbitz,18:02:40,3,1,2,False
Laßnitz bei Murau,06:44:20,0,1,2,False
Mariahof,01:06:25,1,1,1,False
Mühlen,00:22:10,3,2,2,False
Murau,07:00:48,2,3,5,False
Neumarkt in Steiermark,10:37:42,2,3,4,False
Niederwölz,22:07:40,3,2,1,False
Oberwölz Stadt,04:28:08,1,2,1,False
Oberwölz Umgebung,14:50:16,2,1,1,False
Perchau am Sattel,13:52:10,4,1,0,False
Predlitz-Turrach,12:50:20,2,1,1,False
Ranten,17:45:31,0,2,2,False
Rinegg,19:48:26,5,1,2,False
Sankt Blasen,05:38:00,2,3,4,False
Sankt Georgen ob Murau,20:13:01,0,3,3,False
Sankt Lambrecht,18:50:00,3,3,3,False
Sankt Lorenzen bei Scheifling,03:50:21,2,1,2,False
Sankt Marein bei Neumarkt,08:32:23,1,3,4,False
Sankt Peter am Kammersberg,22:10:09,2,1,0,False
Sankt Ruprecht ob Murau,12:29:25,10,3,4,False
Scheifling,02:33:11,2,3,3,False
Schöder,11:47:03,2,2,2,False
Schönberg-Lachtal,18:42:17,3,2,1,False
Stadl an der Mur,18:16:03,0,3,3,False
Stolzalpe,05:13:38,2,2,3,False
Teufenbach,15:58:11,1,2,2,False
Triebendorf,08:11:36,5,3,5,False
Winklern bei Oberwölz,16:44:25,1,3,5,False
Zeutschach,13:06:00,5,1,1,False
Sankt Ruprecht - Falkendorf,17:14:50,2,2,3,False
Bierbaum am Auersbach,05:27:15,6,2,2,False
Deutsch Goritz,23:01:10,3,2,1,False
Dietersdorf am Gnasbach,04:35:50,6,1,1,False
Eichfeld,21:27:10,4,1,2,False
Gosdorf,16:08:16,3,1,0,False
Halbenrain,00:03:40,4,2,1,False
Hof bei Straden,03:17:34,3,2,2,False
Klöch,09:48:41,5,3,4,False
Mettersdorf am Saßbach,18:32:16,2,2,1,False
Mureck,00:55:52,1,3,4,False
Murfeld,02:04:44,1,1,2,False
Bad Radkersburg,20:46:09,3,1,2,False
Radkersburg Umgebung,08:51:22,4,2,3,False
Ratschendorf,17:55:58,5,1,0,False
Sankt Peter am Ottersbach,00:56:07,4,2,4,False
Straden,07:36:01,1,3,4,False
Tieschen,12:05:35,2,3,5,False
Trössing,00:04:34,3,2,4,False
Weinburg am Saßbach,11:36:29,1,3,4,False
Bärnbach,22:07:39,3,2,1,False
Edelschrott,02:54:25,1,2,4,False
Gallmannsegg,05:42:25,7,1,2,False
Geistthal,13:05:24,1,3,3,False
Gößnitz,21:22:03,1,1,2,False
Graden,16:37:04,2,2,3,False
Hirschegg,18:41:14,2,3,3,False
Kainach bei Voitsberg,12:54:52,5,3,3,False
Köflach,01:35:38,3,2,3,False
Kohlschwarz,17:32:23,2,3,3,False
Krottendorf-Gaisfeld,14:12:20,4,3,4,False
Ligist,17:28:15,0,3,4,False
Maria Lankowitz,02:05:35,2,1,1,False
Modriach,19:40:10,2,2,3,False
Mooskirchen,09:21:32,4,1,0,False
Pack,09:17:27,3,3,4,False
Piberegg,02:27:00,5,2,2,False
Rosental an der Kainach,11:26:13,1,3,3,False
Salla,10:10:01,2,1,1,False
Sankt Johann-Köppling,09:16:50,4,2,4,False
Sankt Martin am Wöllmißberg,14:50:18,1,1,1,False
Söding,17:34:14,1,1,1,False
Södingberg,08:18:27,2,3,3,False
Stallhofen,07:49:46,2,1,1,False
Voitsberg,18:02:07,1,1,2,False
Albersdorf-Prebuch,11:43:48,3,3,4,False
Anger,00:44:51,3,2,2,False
Arzberg,04:21:03,3,2,1,False
Baierdorf bei Anger,09:32:53,3,2,1,False
Birkfeld,01:42:42,3,1,2,False
Etzersdorf-Rollsdorf,01:03:50,1,3,3,False
Feistritz bei Anger,12:28:53,4,3,3,False
Fischbach,18:16:53,4,3,3,False
Fladnitz an der Teichalm,08:00:42,3,1,1,False
Floing,07:48:35,1,1,0,False
Gasen,23:07:58,5,3,4,False
Gersdorf an der Feistritz,22:56:54,3,3,4,False
Gleisdorf,03:59:27,2,2,2,False
Gschaid bei Birkfeld,04:03:23,3,3,4,False
Gutenberg an der Raabklamm,07:15:57,3,1,2,False
Markt Hartmannsdorf,11:33:35,4,2,4,False
Haslau bei Birkfeld,17:43:01,5,1,2,False
Hirnsdorf,11:25:54,6,1,2,False
Hofstätten an der Raab,15:00:40,1,2,2,False
Hohenau an der Raab,22:39:19,1,3,5,False
Ilztal,10:59:20,2,1,0,False
Koglhof,03:50:06,5,2,4,False
Krottendorf,00:11:08,1,3,5,False
Kulm bei Weiz,21:07:10,5,3,5,False
Labuch,10:03:42,4,2,3,False
Laßnitzthal,18:54:46,2,1,2,False
Ludersdorf-Wilfersdorf,10:22:14,0,3,3,False
Miesenbach bei Birkfeld,16:58:01,3,2,2,False
Mitterdorf an der Raab,04:31:40,0,3,3,False
Mortantsch,13:19:28,3,1,2,False
Naas,12:25:17,0,1,0,False
Naintsch,22:24:56,4,2,3,False
Neudorf bei Passail,23:45:57,3,1,0,False
Nitscha,02:02:30,1,2,1,False
Oberrettenbach,09:55:29,2,1,2,False
Passail,02:45:04,0,3,4,False
Pischelsdorf in der Steiermark,21:39:39,2,1,0,False
Preßguts,05:47:37,3,2,2,False
Puch bei Weiz,18:10:11,0,3,5,False
Ratten,14:40:50,5,1,2,False
Reichendorf,15:20:40,5,3,5,False
Rettenegg,18:08:46,5,2,2,False
Sankt Kathrein am Hauenstein,19:55:21,5,3,3,False
Sankt Kathrein am Offenegg,18:34:04,2,2,2,False
Sankt Margarethen an der Raab,23:27:39,0,1,2,False
Sankt Ruprecht an der Raab,20:55:16,1,3,5,False
Sinabelkirchen,23:45:02,1,3,5,False
Stenzengreith,20:16:15,4,3,5,False
Strallegg,02:22:29,3,1,1,False
Thannhausen,07:12:15,1,3,4,False
Ungerdorf,06:20:56,1,1,1,False
Unterfladnitz,05:10:14,4,2,3,False
Waisenegg,19:13:13,3,3,5,False
Weiz,23:40:14,3,1,1,False
Innsbruck,00:57:39,1,1,0,False
Arzl im Pitztal,13:25:10,1,2,3,False
Haiming,04:49:21,1,1,0,False
Imst,00:36:10,3,3,5,False
Imsterberg,19:25:14,3,1,0,False
Jerzens,05:49:22,2,2,3,False
Karres,00:02:11,1,3,3,False
Karrösten,17:39:53,2,3,5,False
Längenfeld,07:16:11,1,1,1,False
Mieming,02:21:48,0,2,4,False
Mils bei Imst,19:32:40,0,3,3,False
Mötz,20:34:19,3,3,3,False
Nassereith,07:25:36,2,3,5,False
Obsteig,06:19:56,2,1,2,False
Oetz,12:42:51,2,3,4,False
Rietz,07:51:46,0,1,0,False
Roppen,22:22:43,3,2,2,False
Sankt Leonhard im Pitztal,21:17:47,0,2,3,False
Sautens,18:29:11,2,3,5,False
Silz,18:11:35,1,1,0,False
Sölden,06:04:28,2,2,2,False
Stams,02:12:55,1,2,3,False
Tarrenz,01:48:06,2,3,5,False
Umhausen,16:47:21,0,2,3,False
Wenns,23:01:40,0,1,2,False
Absam,05:48:53,3,3,4,False
Aldrans,22:35:08,3,2,1,False
Ampass,04:17:34,3,2,2,False
Axams,16:48:07,0,2,3,False
Baumkirchen,04:07:02,2,2,2,False
Birgitz,18:59:50,3,1,1,False
Ellbögen,05:34:45,0,1,1,False
Flaurling,08:31:54,3,1,1,False
Fritzens,05:15:08,2,2,1,False
Fulpmes,21:30:07,2,1,0,False
Gnadenwald,07:33:12,0,3,4,False
Götzens,05:58:06,2,2,1,False
Gries am Brenner,07:08:48,2,3,3,False
Gries im Sellrain,15:06:44,2,2,3,False
Grinzens,05:30:31,2,1,1,False
Gschnitz,12:52:30,1,2,4,False
Hatting,15:41:49,3,2,3,False
Inzing,15:55:55,0,2,3,False
Kematen in Tirol,16:34:28,3,2,1,False
Kolsass,23:52:12,3,1,2,False
Kolsassberg,07:19:48,3,3,3,False
Lans,06:21:19,1,1,1,False
Leutasch,18:15:50,2,3,5,False
Matrei am Brenner,08:04:25,1,3,3,False
Mieders,01:02:34,1,2,2,False
Mils,09:01:33,3,2,1,False
Mühlbachl,22:34:32,4,3,3,False
Mutters,23:12:32,1,1,2,False
Natters,11:55:00,1,3,5,False
Navis,21:01:27,1,2,1,False
Neustift im Stubaital,13:46:26,1,3,3,False
Oberhofen im Inntal,06:00:29,0,2,3,False
Obernberg am Brenner,08:58:09,8,3,5,True
Oberperfuss,02:52:26,2,2,3,False
Patsch,23:11:43,0,1,2,False
Pettnau,22:49:19,3,1,0,False
Pfaffenhofen,21:43:46,2,3,5,False
Pfons,03:12:49,3,2,4,False
Polling in Tirol,11:00:01,3,1,0,False
Ranggen,09:07:05,0,3,3,False
Reith bei Seefeld,16:05:04,0,3,5,False
Rinn,19:16:08,2,2,3,False
Rum,16:49:43,2,3,4,False
Sankt Sigmund im Sellrain,14:53:08,2,3,5,False
Scharnitz,14:11:13,3,2,1,False
Schmirn,22:29:17,1,3,3,False
Schönberg im Stubaital,00:07:38,3,3,5,False
Seefeld in Tirol,19:38:28,1,2,1,False
Sellrain,15:03:09,0,2,2,False
Sistrans,11:17:37,3,3,5,False
Hall in Tirol,16:48:20,0,1,2,False
Steinach am Brenner,15:11:17,0,2,3,False
Telfes im Stubai,02:47:38,3,3,4,False
Telfs,22:25:03,2,1,1,False
Thaur,02:58:34,2,3,4,False
Trins,22:54:44,2,3,5,False
Tulfes,02:35:15,0,3,3,False
Unterperfuss,05:03:24,1,2,2,False
Vals,17:15:04,3,1,1,False
Völs,21:58:26,1,1,2,False
Volders,16:54:15,3,3,3,False
Wattenberg,05:03:44,0,3,4,False
Wattens,16:55:55,2,1,1,False
Wildermieming,01:30:54,2,2,3,False
Zirl,12:31:29,1,3,5,False
Aurach bei Kitzbühel,22:19:54,2,2,4,False
Brixen im Thale,08:50:02,2,3,5,False
Fieberbrunn,07:41:20,3,3,5,False
Going am Wilden Kaiser,18:39:41,1,2,2,False
Hochfilzen,23:07:37,2,2,4,False
Hopfgarten im Brixental,21:25:49,3,3,4,False
Itter,05:21:16,2,3,4,False
Jochberg,08:38:06,0,3,3,False
Kirchberg in Tirol,12:36:16,3,2,2,False
Kirchdorf in Tirol,01:12:41,1,2,3,False
Kitzbühel,15:24:12,2,2,3,False
Kössen,17:41:23,2,1,2,False
Oberndorf in Tirol,05:36:38,3,2,3,False
Reith bei Kitzbühel,22:05:06,1,2,4,False
Sankt Jakob in Haus,22:18:20,6,2,3,False
Sankt Johann in Tirol,18:01:47,2,1,1,False
Sankt Ulrich am Pillersee,11:13:14,3,1,0,False
Schwendt,22:53:04,4,2,1,False
Waidring,19:49:53,3,1,2,False
Westendorf,02:45:14,3,3,3,False
Alpbach,10:27:14,2,3,5,False
Angath,17:19:16,2,3,5,False
Bad Häring,20:06:57,2,2,4,False
Brandenberg,14:39:34,0,3,5,False
Breitenbach am Inn,03:01:19,1,2,4,False
Brixlegg,18:19:49,3,3,5,False
Ebbs,06:42:03,3,1,0,False
Ellmau,20:49:39,3,1,0,False
Erl,23:26:33,1,2,4,False
Kirchbichl,11:38:21,1,2,3,False
Kramsach,12:53:01,1,2,1,False
Kufstein,15:04:36,2,3,5,False
Kundl,20:35:21,2,2,1,False
Langkampfen,19:44:40,2,3,3,False
Mariastein,22:17:24,6,3,5,False
Münster,06:56:42,2,3,5,False
Niederndorf,09:46:25,3,2,2,False
Niederndorferberg,09:05:40,0,1,1,False
Radfeld,09:07:39,1,1,2,False
Rattenberg,04:02:46,0,3,5,False
Reith im Alpbachtal,02:01:21,1,3,3,False
Rettenschöss,00:37:54,2,3,4,False
Scheffau am Wilden Kaiser,04:49:04,0,2,2,False
Schwoich,08:08:49,2,3,5,False
Söll,13:35:33,2,3,4,False
Thiersee,13:06:49,1,1,1,False
Angerberg,14:39:11,2,3,4,False
Walchsee,06:26:55,0,3,3,False
Wildschönau,04:02:48,0,1,0,False
Wörgl,22:18:30,0,3,5,False
Faggen,20:26:22,4,1,1,False
Fendels,04:14:48,2,2,4,False
Fiss,11:53:29,3,1,1,False
Fließ,21:16:39,3,3,5,False
Flirsch,17:34:43,2,2,4,False
Galtür,05:30:48,0,3,4,False
Grins,14:22:10,1,3,4,False
Ischgl,07:16:19,1,2,2,False
Kappl,22:01:00,0,2,2,False
Kaunerberg,06:55:49,2,3,3,False
Kaunertal,02:35:26,1,3,4,False
Kauns,09:16:11,3,3,4,False
Ladis,08:57:15,0,1,1,False
Landeck,13:12:39,3,1,1,False
Nauders,03:42:11,3,2,2,False
Pettneu am Arlberg,06:24:38,3,3,4,False
Pfunds,14:30:06,0,3,4,False
Pians,03:34:03,0,3,3,False
Prutz,07:54:43,2,2,3,False
Ried im Oberinntal,03:57:24,1,1,1,False
Sankt Anton am Arlberg,07:18:02,0,3,4,False
Schönwies,16:07:10,1,3,4,False
See,04:51:40,0,2,2,False
Serfaus,08:30:53,1,1,1,False
Spiss,14:06:19,10,3,5,False
Stanz bei Landeck,16:18:35,1,3,3,False
Strengen,08:04:31,1,3,5,False
Tobadill,11:41:00,1,2,2,False
Tösens,15:20:00,0,2,2,False
Zams,19:47:17,2,2,4,False
Abfaltersbach,14:52:26,2,3,3,False
Ainet,04:13:30,1,3,5,False
Amlach,04:58:24,3,3,5,False
Anras,20:44:03,3,1,2,False
Assling,08:03:05,0,1,2,False
Außervillgraten,07:18:47,2,2,4,False
Dölsach,20:59:21,2,2,3,False
Gaimberg,07:02:08,1,1,0,False
Hopfgarten in Defereggen,22:29:05,2,1,0,False
Innervillgraten,09:12:43,0,2,3,False
Iselsberg-Stronach,11:25:45,3,1,0,False
Kals am Großglockner,00:31:29,0,1,2,False
Kartitsch,16:54:10,2,2,1,False
Lavant,03:18:07,4,2,1,False
Leisach,08:57:44,1,3,5,False
Lienz,14:26:58,2,1,2,False
Matrei in Osttirol,04:42:30,2,1,0,False
Nikolsdorf,04:58:28,0,1,2,False
Nußdorf-Debant,11:14:51,1,1,2,False
Oberlienz,20:57:49,2,1,2,False
Obertilliach,08:58:09,2,1,1,False
Prägraten am Großvenediger,13:32:50,4,3,4,False
Sankt Jakob in Defereggen,02:47:03,2,2,4,False
Sankt Johann im Walde,08:16:52,3,3,3,False
Sankt Veit in Defereggen,20:18:43,3,1,1,False
Schlaiten,17:25:08,2,3,4,False
Sillian,13:31:16,3,1,2,False
Strassen,16:32:08,2,1,2,False
Thurn,16:10:31,0,2,2,False
Tristach,02:40:34,1,3,5,False
Untertilliach,07:03:33,3,2,3,False
Virgen,05:49:20,2,3,4,False
Heinfels,11:07:50,2,1,2,False
Bach,09:56:24,0,3,5,False
Berwang,04:43:09,1,3,4,False
Biberwier,17:19:13,1,2,2,False
Bichlbach,05:20:02,0,3,5,False
Breitenwang,21:11:41,2,1,2,False
Ehenbichl,20:55:27,0,1,2,False
Ehrwald,06:11:34,3,2,4,False
Elbigenalp,15:37:58,3,3,3,False
Elmen,22:40:18,3,1,1,False
Forchach,03:30:30,1,2,3,False
Grän,17:41:48,1,3,4,False
Gramais,09:35:41,7,1,1,False
Häselgehr,03:20:34,3,1,1,False
Heiterwang,12:42:34,1,3,4,False
Hinterhornbach,23:57:57,4,1,0,False
Höfen,05:20:44,0,2,1,False
Holzgau,21:27:34,2,1,1,False
Jungholz,14:23:27,4,2,1,False
Kaisers,07:09:56,5,2,1,False
Lechaschau,16:30:14,3,3,3,False
Lermoos,04:07:02,2,3,5,False
Musau,05:09:09,4,1,0,False
Namlos,19:25:27,4,2,4,False
Nesselwängle,05:38:26,3,2,2,False
Pfafflar,21:02:08,6,1,1,False
Pflach,11:43:26,0,1,2,False
Pinswang,20:05:43,2,2,2,False
Reutte,09:25:43,0,3,4,False
Schattwald,22:37:13,0,2,3,False
Stanzach,11:08:08,1,1,2,False
Steeg,07:27:26,3,3,5,False
Tannheim,14:37:42,2,3,3,False
Vils,14:17:14,1,2,1,False
Vorderhornbach,15:04:14,1,3,3,False
Wängle,16:01:36,2,2,1,False
Weißenbach am Lech,13:45:46,0,2,4,False
Zöblen,03:30:33,4,2,1,False
Achenkirch,17:19:28,1,3,5,False
Aschau im Zillertal,02:24:28,3,2,1,False
Brandberg,12:35:49,1,1,0,False
Bruck am Ziller,23:15:21,0,1,2,False
Buch in Tirol,07:25:50,0,1,2,False
Eben am Achensee,08:00:54,1,2,3,False
Finkenberg,00:38:50,3,2,2,False
Fügen,06:30:26,3,1,2,False
Fügenberg,15:05:12,2,2,1,False
Gallzein,21:19:45,1,3,4,False
Gerlos,17:45:07,3,3,4,False
Gerlosberg,13:55:01,2,3,3,False
Hainzenberg,15:33:33,1,3,4,False
Hart im Zillertal,22:38:24,2,3,4,False
Hippach,23:53:18,2,3,5,False
Jenbach,06:47:38,1,1,1,False
Kaltenbach,06:45:21,1,3,4,False
Mayrhofen,15:32:22,2,3,5,False
Pill,16:53:22,1,1,1,False
Ramsau im Zillertal,08:56:33,1,3,4,False
Ried im Zillertal,04:29:29,0,2,4,False
Rohrberg,01:26:18,2,3,3,False
Schlitters,11:59:45,1,3,4,False
Schwaz,03:21:56,0,2,1,False
Schwendau,14:02:52,2,1,1,False
Stans,06:07:52,1,1,2,False
Steinberg am Rofan,12:29:17,8,3,5,True
Strass im Zillertal,07:08:35,3,1,0,False
Stumm,13:24:32,3,1,0,False
Stummerberg,13:04:17,2,2,2,False
Terfens,18:56:54,2,1,2,False
Tux,02:04:38,0,3,4,False
Uderns,02:12:07,0,3,5,False
Vomp,05:29:26,0,1,2,False
Weer,03:54:48,3,2,2,False
Weerberg,21:13:34,2,1,1,False
Wiesing,16:00:55,2,3,3,False
Zell am Ziller,22:27:19,2,2,3,False
Zellberg,14:09:42,0,1,1,False
Bartholomäberg,01:50:51,1,2,4,False
Blons,18:21:18,4,3,4,False
Bludenz,22:11:06,1,3,3,False
Bludesch,02:35:21,1,3,4,False
Brand,04:03:20,2,1,2,False
Bürs,16:09:47,2,2,1,False
Bürserberg,00:54:13,0,3,5,False
Dalaas,16:52:12,0,1,0,False
Fontanella,02:04:50,1,2,1,False
Gaschurn,01:05:58,1,1,0,False
Innerbraz,21:28:11,1,3,5,False
Klösterle,23:29:40,0,3,3,False
Lech,09:29:09,0,3,3,False
Lorüns,13:10:15,3,2,2,False
Ludesch,01:05:01,3,2,1,False
Nenzing,10:21:08,1,3,4,False
Nüziders,18:50:01,3,2,3,False
Raggal,05:07:41,3,1,2,False
Sankt Anton im Montafon,06:47:26,1,2,4,False
Sankt Gallenkirch,08:49:47,3,1,0,False
Sankt Gerold,20:38:13,1,1,2,False
Schruns,09:33:15,2,3,3,False
Silbertal,15:22:28,3,1,2,False
Sonntag,17:23:25,1,3,3,False
Stallehr,21:11:12,2,2,4,False
Thüringen,02:00:09,2,2,2,False
Thüringerberg,06:54:04,2,1,0,False
Tschagguns,02:56:36,2,1,2,False
Vandans,11:42:55,3,1,1,False
Alberschwende,08:20:00,1,3,5,False
Andelsbuch,06:34:02,3,1,1,False
Au,11:52:21,3,1,0,False
Bezau,23:55:03,2,2,1,False
Bildstein,18:26:43,0,3,5,False
Bizau,23:52:41,2,1,2,False
Bregenz,16:08:08,3,2,3,False
Buch,09:35:14,1,3,5,False
Damüls,06:17:44,2,3,5,False
Doren,09:03:52,3,2,2,False
Egg,20:50:19,0,2,4,False
Eichenberg,02:03:35,3,2,2,False
Fußach,06:05:59,2,1,0,False
Gaißau,01:27:15,3,2,4,False
Hard,17:40:09,2,1,0,False
Hittisau,10:35:55,0,3,4,False
Höchst,13:40:45,3,3,5,False
Hörbranz,19:36:14,3,3,5,False
Hohenweiler,02:04:04,1,1,2,False
Kennelbach,01:08:43,2,2,3,False
Langen bei Bregenz,16:56:19,0,1,1,False
Langenegg,10:18:23,0,2,3,False
Lauterach,02:10:22,0,3,4,False
Lingenau,14:51:09,1,1,1,False
Lochau,21:31:13,0,1,1,False
Mellau,13:54:39,1,3,5,False
Mittelberg,08:55:06,0,3,4,False
Möggers,16:24:33,1,1,0,False
Reuthe,21:34:04,1,2,3,False
Riefensberg,19:14:09,2,2,1,False
Schnepfau,21:41:20,7,3,4,False
Schoppernau,20:27:05,0,2,2,False
Schröcken,03:41:45,4,2,2,False
Schwarzach,23:04:11,0,3,4,False
Schwarzenberg,17:28:38,3,3,5,False
Sibratsgfäll,23:12:26,2,2,4,False
Sulzberg,11:18:21,0,3,4,False
Wolfurt,02:37:38,0,2,1,False
Dornbirn,20:58:26,1,2,1,False
Hohenems,16:31:49,0,2,2,False
Lustenau,03:42:15,0,1,1,False
Altach,00:50:45,3,2,2,False
Düns,11:39:11,2,1,1,False
Dünserberg,07:51:43,2,2,3,False
Feldkirch,00:07:35,3,3,3,False
Frastanz,02:35:07,0,2,1,False
Fraxern,09:37:23,3,1,1,False
Göfis,02:50:10,0,1,0,False
Götzis,04:27:18,2,1,1,False
Klaus,13:46:16,2,3,4,False
Koblach,11:15:57,3,1,1,False
Laterns,13:54:03,3,3,4,False
Mäder,18:46:14,2,3,3,False
Meiningen,10:55:38,3,1,0,False
Rankweil,23:39:07,0,3,3,False
Röns,13:17:50,1,1,1,False
Röthis,04:53:15,1,1,1,False
Satteins,20:14:45,1,1,0,False
Schlins,08:49:19,2,1,2,False
Schnifis,23:59:02,1,2,4,False
Sulz,10:57:33,0,3,5,False
Übersaxen,02:48:59,0,1,0,False
Viktorsberg,23:57:23,3,3,5,False
Weiler,22:26:17,2,1,1,False
Zwischenwasser,23:00:04,0,1,0,False
Wien,11:13:26,0,3,5,False